longitude,latitude,wind_speed
0.0,-90.0,3.95366711916396
0.0,-85.0,5.698995276135867
0.0,-80.0,6.382145407573468
0.0,-75.0,4.2793801875784245
0.0,-70.0,4.630855001391744
0.0,-65.0,2.711447997957442
0.0,-60.0,4.7620053320490054
0.0,-55.0,6.00747519607614
0.0,-50.0,6.804805940307035
0.0,-45.0,6.796652734989319
0.0,-40.0,5.973445636927103
0.0,-35.0,3.435177886551413
0.0,-30.0,2.4197943996777243
0.0,-25.0,5.180836274500135
0.0,-20.0,7.091726581359805
0.0,-15.0,7.021271099400991
0.0,-10.0,6.165286010225508
0.0,-5.0,5.312114716399732
0.0,0.0,4.440320698175874
0.0,5.0,4.346992388224483
0.0,10.0,1.9597364957787928
0.0,15.0,2.7657397732693574
0.0,20.0,2.2045070063932743
0.0,25.0,2.672914047568567
0.0,30.0,2.533553972321272
0.0,35.0,0.7840882132959964
0.0,40.0,1.0410523815858903
0.0,45.0,1.310023085016667
0.0,50.0,3.979314496047212
0.0,55.0,2.7590269126583244
0.0,60.0,2.6120921320178003
0.0,65.0,3.2170223094571146
0.0,70.0,3.1966279012420724
0.0,75.0,3.179844067581348
0.0,80.0,3.5335117314068683
0.0,85.0,2.6988862875679662
0.0,90.0,2.767396012253789
5.0,-90.0,3.95366711916396
5.0,-85.0,5.396100421579405
5.0,-80.0,6.476077335669089
5.0,-75.0,4.870905444343253
5.0,-70.0,5.763693585785966
5.0,-65.0,2.6094955620184463
5.0,-60.0,4.900248035536368
5.0,-55.0,6.163626268352776
5.0,-50.0,6.535950866138159
5.0,-45.0,7.01784426216341
5.0,-40.0,5.9706509121408535
5.0,-35.0,3.8899426016002265
5.0,-30.0,3.4819894903043167
5.0,-25.0,6.357922129079064
5.0,-20.0,7.532803720467379
5.0,-15.0,6.738204971154205
5.0,-10.0,5.1596829249853835
5.0,-5.0,4.606098256192438
5.0,0.0,4.089268423836902
5.0,5.0,3.8579742717130614
5.0,10.0,1.4044480985724561
5.0,15.0,2.805338938674847
5.0,20.0,2.6458913729722338
5.0,25.0,1.6400798173705011
5.0,30.0,2.243821037076068
5.0,35.0,1.7435859188500673
5.0,40.0,2.891192345813931
5.0,45.0,1.0810071474458909
5.0,50.0,2.280418895268242
5.0,55.0,3.2846899519190402
5.0,60.0,1.8760771481121588
5.0,65.0,3.077191986400712
5.0,70.0,3.250363702791589
5.0,75.0,3.0794825438344695
5.0,80.0,3.2883398412189457
5.0,85.0,2.810638704536681
5.0,90.0,2.767396012253789
10.0,-90.0,3.95366711916396
10.0,-85.0,5.189900005972709
10.0,-80.0,6.475618734432814
10.0,-75.0,4.37551644738059
10.0,-70.0,6.440935444176983
10.0,-65.0,2.5114497062467507
10.0,-60.0,5.147973014328848
10.0,-55.0,6.349822094016491
10.0,-50.0,6.812824840158618
10.0,-45.0,7.1467132680027134
10.0,-40.0,5.8075584390336585
10.0,-35.0,4.048036690560012
10.0,-30.0,5.117184508945871
10.0,-25.0,7.592778771333561
10.0,-20.0,7.521477369042535
10.0,-15.0,5.736889363233721
10.0,-10.0,3.618936298167952
10.0,-5.0,3.3195614761119785
10.0,0.0,0.6376657521782059
10.0,5.0,0.3920687402236525
10.0,10.0,1.527991005321563
10.0,15.0,3.3536565471841477
10.0,20.0,1.5610512508525993
10.0,25.0,0.9064399854558939
10.0,30.0,1.8041239494690855
10.0,35.0,0.9851079286258234
10.0,40.0,1.7953874975380524
10.0,45.0,0.549993588007686
10.0,50.0,1.757568681830656
10.0,55.0,2.1950645551382455
10.0,60.0,0.6927195609519833
10.0,65.0,2.980041863691735
10.0,70.0,3.151590840289581
10.0,75.0,3.069911280927228
10.0,80.0,2.8052936544376634
10.0,85.0,2.8384485842915823
10.0,90.0,2.767396012253789
15.0,-90.0,3.95366711916396
15.0,-85.0,5.087452768235934
15.0,-80.0,6.480141348788663
15.0,-75.0,3.8169726848987326
15.0,-70.0,7.0112417762282
15.0,-65.0,2.3905310239680455
15.0,-60.0,5.399898658192908
15.0,-55.0,6.8490520965896335
15.0,-50.0,7.0993291441004445
15.0,-45.0,6.940287608004032
15.0,-40.0,6.0134081299228965
15.0,-35.0,4.587791157326508
15.0,-30.0,5.671748063042309
15.0,-25.0,2.125561043272128
15.0,-20.0,1.9356360305879166
15.0,-15.0,0.8226816036753277
15.0,-10.0,0.7000253303394893
15.0,-5.0,1.5904431956581657
15.0,0.0,1.1001366975695615
15.0,5.0,0.8528405955053362
15.0,10.0,1.9224300596249027
15.0,15.0,3.9675257904545664
15.0,20.0,1.0697291049145947
15.0,25.0,2.8861765813591753
15.0,30.0,1.6195110040277687
15.0,35.0,2.185857537196591
15.0,40.0,1.4651793677054432
15.0,45.0,1.0158596207824004
15.0,50.0,1.6912515552400047
15.0,55.0,3.266384819222259
15.0,60.0,1.2403351238797728
15.0,65.0,1.185244880220076
15.0,70.0,3.157773213281533
15.0,75.0,3.0668793349892076
15.0,80.0,1.8354041634249858
15.0,85.0,2.8660756683675945
15.0,90.0,2.767396012253789
20.0,-90.0,3.95366711916396
20.0,-85.0,5.364100216222774
20.0,-80.0,6.300011278450248
20.0,-75.0,4.547025834962855
20.0,-70.0,7.01717284018633
20.0,-65.0,2.399178866157245
20.0,-60.0,5.662312255465561
20.0,-55.0,7.074027298582027
20.0,-50.0,7.120777335393523
20.0,-45.0,6.5840676457904825
20.0,-40.0,5.144361780662643
20.0,-35.0,3.2984111984122446
20.0,-30.0,2.161197172500903
20.0,-25.0,1.2040343745772242
20.0,-20.0,1.6089297981978186
20.0,-15.0,1.4430780020376286
20.0,-10.0,1.3646742223689763
20.0,-5.0,0.652689928221568
20.0,0.0,0.7221238880911552
20.0,5.0,0.792605868719357
20.0,10.0,1.7512595772181687
20.0,15.0,3.171554731566188
20.0,20.0,4.036191703548405
20.0,25.0,2.270384652141829
20.0,30.0,2.0532538114426746
20.0,35.0,2.9500701763418586
20.0,40.0,0.6873749136117505
20.0,45.0,0.8356632529467313
20.0,50.0,1.67800846842865
20.0,55.0,2.3111778371948444
20.0,60.0,2.680734709035939
20.0,65.0,1.413532682689285
20.0,70.0,1.9693592309175356
20.0,75.0,2.8891269398925057
20.0,80.0,1.4539803730676175
20.0,85.0,2.903266886441228
20.0,90.0,2.767396012253789
25.0,-90.0,3.95366711916396
25.0,-85.0,6.117043258327651
25.0,-80.0,5.8785704740542
25.0,-75.0,5.214394208660833
25.0,-70.0,6.402955148855324
25.0,-65.0,2.2563365843393415
25.0,-60.0,5.781124179460293
25.0,-55.0,7.490213068258327
25.0,-50.0,7.429244407289315
25.0,-45.0,6.129552185677891
25.0,-40.0,4.026144517662936
25.0,-35.0,3.2547564285727213
25.0,-30.0,1.5215423683033498
25.0,-25.0,1.8884154847825645
25.0,-20.0,1.7738477654464004
25.0,-15.0,2.175175792898842
25.0,-10.0,0.9518606968895948
25.0,-5.0,0.6040119143863375
25.0,0.0,0.6748327455251518
25.0,5.0,0.9066570938693563
25.0,10.0,2.0620700906440264
25.0,15.0,2.944977342906178
25.0,20.0,3.26350837982845
25.0,25.0,2.283749496232681
25.0,30.0,1.6600419428895703
25.0,35.0,1.4358225415770052
25.0,40.0,3.1403518275682356
25.0,45.0,1.0617818021804892
25.0,50.0,1.7036254225396343
25.0,55.0,1.6577325890773489
25.0,60.0,2.6269304292767965
25.0,65.0,1.8930040091009632
25.0,70.0,1.470820468516373
25.0,75.0,3.2003885072199423
25.0,80.0,2.5275519744320554
25.0,85.0,2.9662629638789926
25.0,90.0,2.767396012253789
30.0,-90.0,3.95366711916396
30.0,-85.0,6.684127967786826
30.0,-80.0,5.414917936029688
30.0,-75.0,6.428402814139321
30.0,-70.0,6.0160363771407726
30.0,-65.0,2.0800258804490848
30.0,-60.0,5.829139888796871
30.0,-55.0,7.789621408247272
30.0,-50.0,8.195743992097105
30.0,-45.0,6.362282468392625
30.0,-40.0,4.562466781352602
30.0,-35.0,2.7447141781769706
30.0,-30.0,0.6223269858477913
30.0,-25.0,0.7536219306279394
30.0,-20.0,1.5830567532861075
30.0,-15.0,1.6982004681108025
30.0,-10.0,1.8036282385371456
30.0,-5.0,0.4404080990009865
30.0,0.0,0.4422583705439549
30.0,5.0,1.071325191712018
30.0,10.0,1.8599318258827109
30.0,15.0,3.7827192200179844
30.0,20.0,4.445111176557159
30.0,25.0,3.205483610881139
30.0,30.0,2.3649891980745057
30.0,35.0,3.389725155551588
30.0,40.0,1.0590863611218726
30.0,45.0,2.2552236589153805
30.0,50.0,1.5396832914693726
30.0,55.0,1.506012454782848
30.0,60.0,2.0051925122805145
30.0,65.0,1.2364146314390425
30.0,70.0,1.6289358681700266
30.0,75.0,3.369937765417466
30.0,80.0,2.680632470438107
30.0,85.0,3.01814188043199
30.0,90.0,2.767396012253789
35.0,-90.0,3.95366711916396
35.0,-85.0,6.7197786132829975
35.0,-80.0,4.781418509656906
35.0,-75.0,6.815388737850302
35.0,-70.0,9.021261354583118
35.0,-65.0,1.9899659438167907
35.0,-60.0,5.743483450575737
35.0,-55.0,7.986446093201981
35.0,-50.0,7.718294852036251
35.0,-45.0,6.107045219843069
35.0,-40.0,3.934479438337368
35.0,-35.0,2.4916562123327384
35.0,-30.0,2.928349570743618
35.0,-25.0,3.81859324440329
35.0,-20.0,3.608006499337625
35.0,-15.0,0.7917336139884408
35.0,-10.0,1.222205076132506
35.0,-5.0,2.992222227764906
35.0,0.0,0.22895668490304547
35.0,5.0,2.0986092245171233
35.0,10.0,0.9050118841328135
35.0,15.0,2.889100544023995
35.0,20.0,3.565432964510926
35.0,25.0,3.7082136798141545
35.0,30.0,1.4373838490756274
35.0,35.0,2.5085367415278386
35.0,40.0,1.566113715366483
35.0,45.0,1.6009829839189855
35.0,50.0,1.6620414069625618
35.0,55.0,1.5273822925008467
35.0,60.0,1.3474415581369827
35.0,65.0,2.172691569084367
35.0,70.0,2.7985907741729523
35.0,75.0,3.0880085368879002
35.0,80.0,2.6172496888144523
35.0,85.0,3.041860919031936
35.0,90.0,2.767396012253789
40.0,-90.0,3.95366711916396
40.0,-85.0,6.445202104496144
40.0,-80.0,3.9279527193077723
40.0,-75.0,6.018478134345982
40.0,-70.0,7.924383276820209
40.0,-65.0,2.2513181759392653
40.0,-60.0,5.531539378954215
40.0,-55.0,7.947986480970549
40.0,-50.0,7.9442027933462205
40.0,-45.0,6.317798893458149
40.0,-40.0,4.042870720266592
40.0,-35.0,2.5812360828422745
40.0,-30.0,2.8748764890770584
40.0,-25.0,4.332047384287505
40.0,-20.0,3.251474199258501
40.0,-15.0,1.5131966050074428
40.0,-10.0,4.0807900456938135
40.0,-5.0,5.134598868842906
40.0,0.0,4.047721233080121
40.0,5.0,2.7657811761048983
40.0,10.0,0.8514257515173429
40.0,15.0,1.437824493507723
40.0,20.0,2.491347365765982
40.0,25.0,1.9558259193307403
40.0,30.0,1.4584548840643825
40.0,35.0,2.3562413202086705
40.0,40.0,0.9770352295536108
40.0,45.0,1.4892201295341005
40.0,50.0,1.6938320781000744
40.0,55.0,1.3411936380288472
40.0,60.0,1.3286682595178514
40.0,65.0,1.9491406514742076
40.0,70.0,2.82733577514634
40.0,75.0,2.9874602681257767
40.0,80.0,2.649637625281361
40.0,85.0,3.1066621365705114
40.0,90.0,2.767396012253789
45.0,-90.0,3.95366711916396
45.0,-85.0,6.10624726416587
45.0,-80.0,2.2647938683247895
45.0,-75.0,5.516823431185261
45.0,-70.0,8.840334006161342
45.0,-65.0,3.096413946491502
45.0,-60.0,5.3777388830459465
45.0,-55.0,7.902294845787821
45.0,-50.0,8.140130715260891
45.0,-45.0,6.425500177337365
45.0,-40.0,4.249790045656965
45.0,-35.0,2.3155483395741214
45.0,-30.0,3.311615004752803
45.0,-25.0,1.8151929820012944
45.0,-20.0,0.80034995527211
45.0,-15.0,2.2752192922612564
45.0,-10.0,4.629416039868432
45.0,-5.0,5.330430275717172
45.0,0.0,5.993287440197126
45.0,5.0,4.4886102107890125
45.0,10.0,2.3309931596459608
45.0,15.0,1.0514982877184875
45.0,20.0,2.056906089880403
45.0,25.0,1.5514819624357254
45.0,30.0,1.7008683598389034
45.0,35.0,1.054384703461096
45.0,40.0,0.45800198732779657
45.0,45.0,1.017733066386231
45.0,50.0,1.6489577471320676
45.0,55.0,1.5864869862510487
45.0,60.0,1.2924096110601224
45.0,65.0,1.3691597682279883
45.0,70.0,2.890640557691516
45.0,75.0,3.092729664935122
45.0,80.0,2.741811288706058
45.0,85.0,3.1668643028529613
45.0,90.0,2.767396012253789
50.0,-90.0,3.95366711916396
50.0,-85.0,5.607337785708431
50.0,-80.0,1.6207950753663292
50.0,-75.0,6.153097719385928
50.0,-70.0,8.801623877500512
50.0,-65.0,5.346926925588953
50.0,-60.0,5.189116304250932
50.0,-55.0,8.385402259101228
50.0,-50.0,8.245552352446266
50.0,-45.0,6.3249525952650805
50.0,-40.0,4.317348101961513
50.0,-35.0,2.177952452812566
50.0,-30.0,2.753325379763764
50.0,-25.0,4.003284447929448
50.0,-20.0,3.7497725641335204
50.0,-15.0,0.8583606287564582
50.0,-10.0,6.365833889675472
50.0,-5.0,5.0328633182494
50.0,0.0,4.888702065413464
50.0,5.0,7.546802173401652
50.0,10.0,5.11798042851954
50.0,15.0,1.1988632671104116
50.0,20.0,2.355688009052297
50.0,25.0,1.5881568706079499
50.0,30.0,1.8225260255557723
50.0,35.0,1.4920287328545456
50.0,40.0,2.175036781638981
50.0,45.0,1.5828820285172682
50.0,50.0,1.745174935406762
50.0,55.0,1.8638842559944508
50.0,60.0,1.337402741710693
50.0,65.0,1.5361327228798005
50.0,70.0,2.8591469389964854
50.0,75.0,2.815864255262866
50.0,80.0,2.5818438757429307
50.0,85.0,3.199713034195378
50.0,90.0,2.767396012253789
55.0,-90.0,3.95366711916396
55.0,-85.0,5.400257056722636
55.0,-80.0,2.943790064093111
55.0,-75.0,8.893121152391872
55.0,-70.0,7.234113938911833
55.0,-65.0,6.2775834346242405
55.0,-60.0,5.034876378647427
55.0,-55.0,8.6397728062019
55.0,-50.0,8.453677402895684
55.0,-45.0,6.4228670856129275
55.0,-40.0,4.482083590490092
55.0,-35.0,2.071801297543356
55.0,-30.0,2.287908946260304
55.0,-25.0,3.9268143933242894
55.0,-20.0,5.567351101954938
55.0,-15.0,5.969514411303379
55.0,-10.0,5.250256782877446
55.0,-5.0,4.6177351514308755
55.0,0.0,3.864746674312157
55.0,5.0,5.723941160348242
55.0,10.0,7.3336543675966395
55.0,15.0,5.908826724579956
55.0,20.0,1.9127986084008637
55.0,25.0,1.431223966955981
55.0,30.0,1.2546976879260205
55.0,35.0,2.317279081730088
55.0,40.0,1.1564988110453855
55.0,45.0,1.7746470901898501
55.0,50.0,2.047328805486797
55.0,55.0,1.8319896328516114
55.0,60.0,1.3978486188942165
55.0,65.0,1.4317838715722118
55.0,70.0,2.595663582450004
55.0,75.0,2.6865623699514933
55.0,80.0,2.7585247673644377
55.0,85.0,3.195861046218029
55.0,90.0,2.767396012253789
60.0,-90.0,3.95366711916396
60.0,-85.0,5.337259748598485
60.0,-80.0,4.031820167661054
60.0,-75.0,10.213572249199016
60.0,-70.0,9.168055080131998
60.0,-65.0,4.511947900140479
60.0,-60.0,5.262663856616543
60.0,-55.0,8.515277054460148
60.0,-50.0,8.445646408768978
60.0,-45.0,7.1539755669443075
60.0,-40.0,4.656043811139447
60.0,-35.0,2.209002277499828
60.0,-30.0,1.938807033822514
60.0,-25.0,3.9545910018389634
60.0,-20.0,5.566778245769061
60.0,-15.0,6.458418403353279
60.0,-10.0,5.531017989227169
60.0,-5.0,4.334438302394974
60.0,0.0,3.0801519097738286
60.0,5.0,4.126779944893177
60.0,10.0,6.175148427258549
60.0,15.0,6.295954031464205
60.0,20.0,5.423895058407555
60.0,25.0,2.617609756522369
60.0,30.0,1.0498257531366697
60.0,35.0,1.6002785650916165
60.0,40.0,1.9376144540375677
60.0,45.0,1.869071181438119
60.0,50.0,1.6784733220197114
60.0,55.0,1.5979590662140026
60.0,60.0,1.5156369352061774
60.0,65.0,0.8981233629055326
60.0,70.0,2.2280100467215704
60.0,75.0,2.2774499919912685
60.0,80.0,2.666079668036899
60.0,85.0,3.1529837585188627
60.0,90.0,2.767396012253789
65.0,-90.0,3.95366711916396
65.0,-85.0,5.403331125496187
65.0,-80.0,4.4849081154832495
65.0,-75.0,10.382260268812255
65.0,-70.0,10.919964164296749
65.0,-65.0,4.344597229019489
65.0,-60.0,5.429868298392603
65.0,-55.0,8.435806889557082
65.0,-50.0,8.220188577527528
65.0,-45.0,6.2774325077034865
65.0,-40.0,4.721286023705738
65.0,-35.0,2.0924153520990103
65.0,-30.0,1.8026887019432805
65.0,-25.0,4.195179155746573
65.0,-20.0,6.214078667699606
65.0,-15.0,6.854254301790253
65.0,-10.0,5.844111426640694
65.0,-5.0,4.025973530654817
65.0,0.0,2.6491749402121325
65.0,5.0,3.1107256777391012
65.0,10.0,4.758810019067879
65.0,15.0,5.687718797045654
65.0,20.0,5.21866632856245
65.0,25.0,3.7938601253216326
65.0,30.0,1.7369856186419168
65.0,35.0,1.57044427089504
65.0,40.0,2.10205705846401
65.0,45.0,1.4833303987944149
65.0,50.0,1.5424940381539394
65.0,55.0,1.5962750159276944
65.0,60.0,1.432107126422741
65.0,65.0,1.717592942851575
65.0,70.0,2.2878086235162174
65.0,75.0,2.0130738941064803
65.0,80.0,2.5701072098180937
65.0,85.0,3.0971644673189505
65.0,90.0,2.767396012253789
70.0,-90.0,3.95366711916396
70.0,-85.0,5.560499897345036
70.0,-80.0,4.4541371106636385
70.0,-75.0,8.024581765287207
70.0,-70.0,7.031049314141175
70.0,-65.0,3.9525187268769444
70.0,-60.0,5.540544620507247
70.0,-55.0,8.377796243247195
70.0,-50.0,8.131811902781442
70.0,-45.0,6.5971385913616345
70.0,-40.0,4.657461907333203
70.0,-35.0,2.447995395258199
70.0,-30.0,2.093567877864819
70.0,-25.0,4.598426154277038
70.0,-20.0,6.6236064908682755
70.0,-15.0,7.319644659390623
70.0,-10.0,6.101101483823086
70.0,-5.0,4.505873334593267
70.0,0.0,2.48330473594679
70.0,5.0,2.952047126337728
70.0,10.0,3.8674943523343384
70.0,15.0,5.131932798773755
70.0,20.0,5.2859333851209405
70.0,25.0,3.379456816071874
70.0,30.0,0.5088357312853441
70.0,35.0,0.9299700515722812
70.0,40.0,0.7147697966348597
70.0,45.0,1.7731008402638668
70.0,50.0,1.826170353473992
70.0,55.0,1.7284609914572566
70.0,60.0,1.5014787381243757
70.0,65.0,1.9083365621536001
70.0,70.0,2.248775435518319
70.0,75.0,2.527607487339252
70.0,80.0,2.6228511141617896
70.0,85.0,3.0078096810586903
70.0,90.0,2.767396012253789
75.0,-90.0,3.95366711916396
75.0,-85.0,5.860517784208045
75.0,-80.0,4.647463317295746
75.0,-75.0,9.549297542803972
75.0,-70.0,6.5725697282676805
75.0,-65.0,2.6080344295545363
75.0,-60.0,5.359268196389468
75.0,-55.0,8.186452929148238
75.0,-50.0,8.121489616835985
75.0,-45.0,7.321661718776395
75.0,-40.0,4.754108145862967
75.0,-35.0,2.6462998397529316
75.0,-30.0,2.475397860922333
75.0,-25.0,5.178720028399963
75.0,-20.0,7.092423166539658
75.0,-15.0,7.715256350105293
75.0,-10.0,6.47390248450974
75.0,-5.0,4.864173156824641
75.0,0.0,2.7959340415832497
75.0,5.0,3.7143744146285083
75.0,10.0,3.2882818023904474
75.0,15.0,2.385558756392272
75.0,20.0,1.9012982210765612
75.0,25.0,1.42247461073553
75.0,30.0,0.9185127272182133
75.0,35.0,0.861425277906755
75.0,40.0,1.0846333450533172
75.0,45.0,1.0986438199915858
75.0,50.0,1.9782071263955308
75.0,55.0,1.6778605309966814
75.0,60.0,1.5198228074112485
75.0,65.0,2.281455902675635
75.0,70.0,2.406414340689125
75.0,75.0,2.6745516307787223
75.0,80.0,2.6765350558268484
75.0,85.0,2.9206085274248625
75.0,90.0,2.767396012253789
80.0,-90.0,3.95366711916396
80.0,-85.0,6.020683713903435
80.0,-80.0,2.7415131432180835
80.0,-75.0,8.064000152722032
80.0,-70.0,10.487223627991215
80.0,-65.0,2.2772631931670206
80.0,-60.0,5.568013532429794
80.0,-55.0,7.999547813541113
80.0,-50.0,8.675018827401445
80.0,-45.0,6.870311316310208
80.0,-40.0,4.940863136850748
80.0,-35.0,2.873872295846045
80.0,-30.0,2.7294201500505504
80.0,-25.0,5.436966931856996
80.0,-20.0,7.3872447119037545
80.0,-15.0,7.998450344289697
80.0,-10.0,6.749935462562914
80.0,-5.0,5.074265961804527
80.0,0.0,3.2649425370610206
80.0,5.0,4.280741618258116
80.0,10.0,5.607731675071283
80.0,15.0,2.7535438394010683
80.0,20.0,1.3171625533951543
80.0,25.0,0.9196544135517354
80.0,30.0,0.32619356797312943
80.0,35.0,1.6914358233283309
80.0,40.0,1.3714624384765235
80.0,45.0,0.8445205923198879
80.0,50.0,1.6789750021463368
80.0,55.0,1.7949296718209649
80.0,60.0,1.4180770818035853
80.0,65.0,1.8957951488007951
80.0,70.0,2.4380604391983822
80.0,75.0,2.776053050960959
80.0,80.0,2.6223875399944636
80.0,85.0,2.8462234603235927
80.0,90.0,2.767396012253789
85.0,-90.0,3.95366711916396
85.0,-85.0,5.979065867565887
85.0,-80.0,2.8409169816108353
85.0,-75.0,7.007652165617892
85.0,-70.0,9.292942562637842
85.0,-65.0,2.5549391098570005
85.0,-60.0,5.581030376709145
85.0,-55.0,8.957710317357485
85.0,-50.0,9.169561909572444
85.0,-45.0,7.496225429166586
85.0,-40.0,5.188505207148956
85.0,-35.0,3.110979197506591
85.0,-30.0,3.1616698002524743
85.0,-25.0,5.732103216841382
85.0,-20.0,7.800088210440353
85.0,-15.0,8.13343552930278
85.0,-10.0,6.843048807424089
85.0,-5.0,4.992414871228543
85.0,0.0,3.571359356188283
85.0,5.0,5.061808304773858
85.0,10.0,5.5477771997604535
85.0,15.0,5.027869710846175
85.0,20.0,0.7639930323010208
85.0,25.0,1.2415627676360101
85.0,30.0,2.163505818498491
85.0,35.0,2.3598414551129507
85.0,40.0,1.3730508132641503
85.0,45.0,1.2183788272975542
85.0,50.0,0.8345888813349861
85.0,55.0,1.8894564996466012
85.0,60.0,1.5491401253569819
85.0,65.0,1.9404992709857927
85.0,70.0,2.3655352688814832
85.0,75.0,2.7985262441965975
85.0,80.0,2.4085312074509093
85.0,85.0,2.7412493195882086
85.0,90.0,2.767396012253789
90.0,-90.0,3.95366711916396
90.0,-85.0,5.916725361514207
90.0,-80.0,2.6184329804947466
90.0,-75.0,5.5443404064548885
90.0,-70.0,9.832126215699752
90.0,-65.0,3.2083973364367977
90.0,-60.0,5.592028356577333
90.0,-55.0,8.731292495190809
90.0,-50.0,9.339677851029185
90.0,-45.0,7.80114795078453
90.0,-40.0,5.480911538198069
90.0,-35.0,2.930206411797888
90.0,-30.0,3.467254047132043
90.0,-25.0,5.856985964367919
90.0,-20.0,7.807957328900613
90.0,-15.0,8.061207831126662
90.0,-10.0,6.6939031793985135
90.0,-5.0,5.081652483398925
90.0,0.0,3.3280292715428463
90.0,5.0,4.374179440243093
90.0,10.0,5.7100000010692264
90.0,15.0,4.930328887494288
90.0,20.0,3.678039309258724
90.0,25.0,1.3127437994414688
90.0,30.0,2.011332923258919
90.0,35.0,2.5626206376009018
90.0,40.0,2.826429893873071
90.0,45.0,1.8370223967775148
90.0,50.0,1.7059516927742973
90.0,55.0,1.2824681924886157
90.0,60.0,1.5060923206632773
90.0,65.0,1.8414913415458825
90.0,70.0,2.166206521011604
90.0,75.0,2.6426959266830363
90.0,80.0,2.3656590498666774
90.0,85.0,2.621446482853146
90.0,90.0,2.767396012253789
95.0,-90.0,3.95366711916396
95.0,-85.0,6.15554644362783
95.0,-80.0,3.738619278839561
95.0,-75.0,2.9156749725359923
95.0,-70.0,9.339950730661501
95.0,-65.0,4.187048266982518
95.0,-60.0,5.334750825909313
95.0,-55.0,8.75438213920881
95.0,-50.0,8.744138019816042
95.0,-45.0,7.872174079947686
95.0,-40.0,5.67369155664688
95.0,-35.0,2.8663829542749872
95.0,-30.0,3.874797314585353
95.0,-25.0,5.952729825928267
95.0,-20.0,7.704809427359813
95.0,-15.0,7.758247979768778
95.0,-10.0,6.246899195852347
95.0,-5.0,4.987466556622871
95.0,0.0,2.6952812458401003
95.0,5.0,1.90780158267569
95.0,10.0,5.016895446266754
95.0,15.0,4.119678431707901
95.0,20.0,1.7292027698146357
95.0,25.0,0.538433192013125
95.0,30.0,0.4230077956690333
95.0,35.0,1.3006332653213826
95.0,40.0,0.8932832027779787
95.0,45.0,1.6267736970623188
95.0,50.0,1.1962599580539155
95.0,55.0,1.636083885780172
95.0,60.0,1.6109684295693818
95.0,65.0,1.5142462109818828
95.0,70.0,1.3919794222285773
95.0,75.0,1.9692469484721826
95.0,80.0,1.6062866773316626
95.0,85.0,2.4862230540314902
95.0,90.0,2.767396012253789
100.0,-90.0,3.95366711916396
100.0,-85.0,6.339939425670735
100.0,-80.0,5.275735522143284
100.0,-75.0,3.8900593788092324
100.0,-70.0,9.268643355745152
100.0,-65.0,4.851829721050064
100.0,-60.0,5.360065997185445
100.0,-55.0,8.231908494100832
100.0,-50.0,8.464340613856328
100.0,-45.0,8.29158945095836
100.0,-40.0,5.840949967458587
100.0,-35.0,3.5989666892576366
100.0,-30.0,4.341416365204548
100.0,-25.0,6.107808339749547
100.0,-20.0,7.341827644082379
100.0,-15.0,7.244958319414625
100.0,-10.0,5.7956617543589735
100.0,-5.0,4.765204331034549
100.0,0.0,0.22296552996953856
100.0,5.0,0.9073889331634062
100.0,10.0,4.134101461415747
100.0,15.0,1.6259909151706218
100.0,20.0,0.8733011084900203
100.0,25.0,1.121451068672735
100.0,30.0,2.0937342624424855
100.0,35.0,1.281247952044592
100.0,40.0,1.3204153134970749
100.0,45.0,1.13967114918792
100.0,50.0,1.7336716324384522
100.0,55.0,1.0591553152619888
100.0,60.0,1.4585643917072286
100.0,65.0,1.4500406715101957
100.0,70.0,1.601106058715555
100.0,75.0,1.8035998498883232
100.0,80.0,1.861638871731189
100.0,85.0,2.359007423930637
100.0,90.0,2.767396012253789
105.0,-90.0,3.95366711916396
105.0,-85.0,6.702439974002143
105.0,-80.0,6.013709649472314
105.0,-75.0,5.067717649261303
105.0,-70.0,9.50547744995165
105.0,-65.0,5.352031706196066
105.0,-60.0,5.567538637932016
105.0,-55.0,8.086058360643449
105.0,-50.0,8.396983003085072
105.0,-45.0,8.104267313081463
105.0,-40.0,5.954033337236836
105.0,-35.0,4.301472395129767
105.0,-30.0,5.013490227618699
105.0,-25.0,6.387272208299689
105.0,-20.0,6.84177712679043
105.0,-15.0,6.365309532579077
105.0,-10.0,5.6346898794187785
105.0,-5.0,1.0421725655300171
105.0,0.0,3.5613842383082464
105.0,5.0,4.388808238651586
105.0,10.0,2.982761440619358
105.0,15.0,1.9161018516196344
105.0,20.0,0.564460549716395
105.0,25.0,0.834055864567035
105.0,30.0,1.1574558333964153
105.0,35.0,1.259151160524766
105.0,40.0,1.6529697980005391
105.0,45.0,1.6053076211781416
105.0,50.0,1.0076745064655241
105.0,55.0,0.916277450965843
105.0,60.0,1.6548135732126086
105.0,65.0,1.2168325458693916
105.0,70.0,1.6416139824810625
105.0,75.0,1.4115613160946319
105.0,80.0,2.22027859411623
105.0,85.0,2.2452308209972505
105.0,90.0,2.767396012253789
110.0,-90.0,3.95366711916396
110.0,-85.0,7.066500702647811
110.0,-80.0,5.741740725790244
110.0,-75.0,5.121868693774396
110.0,-70.0,8.628805622768674
110.0,-65.0,3.900433090057318
110.0,-60.0,5.467619903914322
110.0,-55.0,8.124288644481222
110.0,-50.0,8.614255427165338
110.0,-45.0,8.043527566526995
110.0,-40.0,5.619758336890271
110.0,-35.0,5.00379231521855
110.0,-30.0,5.947312560089824
110.0,-25.0,6.647686129814532
110.0,-20.0,6.367886699948488
110.0,-15.0,5.433964579776667
110.0,-10.0,5.397143221544393
110.0,-5.0,4.666537481200925
110.0,0.0,0.39033683521649815
110.0,5.0,3.670617238182778
110.0,10.0,6.99559991194442
110.0,15.0,4.666714956822076
110.0,20.0,3.2472128858377025
110.0,25.0,1.219031746051928
110.0,30.0,0.44834271441034074
110.0,35.0,1.1867593294161274
110.0,40.0,2.2987400926975887
110.0,45.0,1.451679035592093
110.0,50.0,1.7187449217948982
110.0,55.0,0.7899221199867411
110.0,60.0,1.6384602843405072
110.0,65.0,1.0798241463656264
110.0,70.0,2.353707145385376
110.0,75.0,2.605829254219034
110.0,80.0,2.1130896487680233
110.0,85.0,2.142020254550072
110.0,90.0,2.767396012253789
115.0,-90.0,3.95366711916396
115.0,-85.0,7.433219217056245
115.0,-80.0,6.82516303828793
115.0,-75.0,4.128118405397003
115.0,-70.0,8.471021817086976
115.0,-65.0,4.043808996654868
115.0,-60.0,5.477341744000366
115.0,-55.0,8.633818023340822
115.0,-50.0,8.72574846276944
115.0,-45.0,7.8455135281130035
115.0,-40.0,5.462730226633646
115.0,-35.0,5.304486974477161
115.0,-30.0,2.72261144488554
115.0,-25.0,2.7162299524050764
115.0,-20.0,4.508339728635668
115.0,-15.0,4.398564358766214
115.0,-10.0,4.873235636898707
115.0,-5.0,4.8982919765785295
115.0,0.0,0.1886627697993928
115.0,5.0,0.8414153961085686
115.0,10.0,5.0815851674718235
115.0,15.0,5.45767665003169
115.0,20.0,5.7678060394995185
115.0,25.0,1.2257114019788502
115.0,30.0,0.686447995143761
115.0,35.0,0.6813382833269274
115.0,40.0,1.2710378537588254
115.0,45.0,2.9269741708682804
115.0,50.0,2.434435330167452
115.0,55.0,1.2951151362930395
115.0,60.0,1.7279128394779206
115.0,65.0,1.2652714711276676
115.0,70.0,1.047721522736353
115.0,75.0,2.127649967922917
115.0,80.0,1.9557955694153348
115.0,85.0,2.0651261291219005
115.0,90.0,2.767396012253789
120.0,-90.0,3.95366711916396
120.0,-85.0,7.5772274544471045
120.0,-80.0,7.331953684645382
120.0,-75.0,2.987789404738905
120.0,-70.0,8.34246180457063
120.0,-65.0,2.9501904166633097
120.0,-60.0,5.205516089622208
120.0,-55.0,8.594190202951905
120.0,-50.0,8.901263695499877
120.0,-45.0,7.592382559880208
120.0,-40.0,4.630377345162159
120.0,-35.0,3.9248331856334002
120.0,-30.0,1.9958995946190001
120.0,-25.0,2.209176396243301
120.0,-20.0,2.6055616970163995
120.0,-15.0,3.5140514474230784
120.0,-10.0,2.3183901950816996
120.0,-5.0,1.533165701013525
120.0,0.0,1.5274690538219102
120.0,5.0,2.415233508566694
120.0,10.0,4.462492096493526
120.0,15.0,1.3144613400927843
120.0,20.0,6.2897104726111275
120.0,25.0,6.960535547123523
120.0,30.0,0.7687296591375511
120.0,35.0,2.0914749084874944
120.0,40.0,1.3201577871854944
120.0,45.0,2.477572612599414
120.0,50.0,1.1698982977972516
120.0,55.0,0.9222910617937355
120.0,60.0,1.4825064264658383
120.0,65.0,0.9040875764964119
120.0,70.0,1.058823058812186
120.0,75.0,2.4021517758295383
120.0,80.0,1.7454004888510202
120.0,85.0,2.005594447277983
120.0,90.0,2.767396012253789
125.0,-90.0,3.95366711916396
125.0,-85.0,7.872900516095183
125.0,-80.0,6.888743427760364
125.0,-75.0,3.476269386894734
125.0,-70.0,8.494539421951323
125.0,-65.0,3.648822280615761
125.0,-60.0,5.231051469515832
125.0,-55.0,8.629716612829226
125.0,-50.0,9.0001583929412
125.0,-45.0,7.453614850659306
125.0,-40.0,4.443611180888241
125.0,-35.0,3.1998043295966316
125.0,-30.0,1.8675942659468892
125.0,-25.0,3.0035129959708478
125.0,-20.0,2.0630485559079395
125.0,-15.0,2.572487392872844
125.0,-10.0,2.657345706700046
125.0,-5.0,4.624274546889306
125.0,0.0,2.468036301335765
125.0,5.0,2.216843228264078
125.0,10.0,3.582567872368299
125.0,15.0,4.8279930521961285
125.0,20.0,5.1672204857834885
125.0,25.0,4.322423070775881
125.0,30.0,3.5608500202410713
125.0,35.0,2.797900212723024
125.0,40.0,0.8785028660726389
125.0,45.0,1.726519163698317
125.0,50.0,1.1654202717844113
125.0,55.0,1.214753327533639
125.0,60.0,1.4928627414311686
125.0,65.0,0.7764799522958491
125.0,70.0,1.003193816675185
125.0,75.0,2.4331356179774284
125.0,80.0,1.5995001487477685
125.0,85.0,1.9550269765282768
125.0,90.0,2.767396012253789
130.0,-90.0,3.95366711916396
130.0,-85.0,8.182639245517304
130.0,-80.0,8.103082272307331
130.0,-75.0,5.3438324225173055
130.0,-70.0,8.492317968986054
130.0,-65.0,4.276550822612693
130.0,-60.0,5.390583993733131
130.0,-55.0,8.596419958052683
130.0,-50.0,8.532201818044081
130.0,-45.0,7.296537730831408
130.0,-40.0,4.467761946811067
130.0,-35.0,3.472705582869947
130.0,-30.0,1.9997791116729164
130.0,-25.0,2.793117349206821
130.0,-20.0,2.7287325412924464
130.0,-15.0,1.9033548808603455
130.0,-10.0,4.804790998305224
130.0,-5.0,4.8739444426312994
130.0,0.0,3.381556006568141
130.0,5.0,3.2977938119901555
130.0,10.0,4.221453131171808
130.0,15.0,5.003871534943694
130.0,20.0,5.532867612251401
130.0,25.0,4.235195478105111
130.0,30.0,3.0933891424438786
130.0,35.0,2.731575490212211
130.0,40.0,2.0821813634466757
130.0,45.0,1.6759392297215996
130.0,50.0,0.9337576544948512
130.0,55.0,0.8355614628148773
130.0,60.0,1.2958115281121378
130.0,65.0,0.8893120803767753
130.0,70.0,1.645685874419656
130.0,75.0,2.450090093613747
130.0,80.0,1.6014765144054088
130.0,85.0,1.9025737606002258
130.0,90.0,2.767396012253789
135.0,-90.0,3.95366711916396
135.0,-85.0,8.243488509461782
135.0,-80.0,8.508017058028981
135.0,-75.0,5.859858304301888
135.0,-70.0,6.93125450717638
135.0,-65.0,4.692931868321782
135.0,-60.0,5.501219681530958
135.0,-55.0,8.476159168761301
135.0,-50.0,8.436570539590425
135.0,-45.0,7.05254960357169
135.0,-40.0,4.34745360576189
135.0,-35.0,3.830169844081874
135.0,-30.0,1.7095088123227036
135.0,-25.0,2.2079500024116308
135.0,-20.0,3.2298738072922464
135.0,-15.0,1.9099126023316098
135.0,-10.0,6.138764087392974
135.0,-5.0,4.659902034969887
135.0,0.0,1.624315037166823
135.0,5.0,2.5823535350800007
135.0,10.0,4.221642336445352
135.0,15.0,5.464292191253031
135.0,20.0,5.527078077934253
135.0,25.0,3.811049613179556
135.0,30.0,2.7274549699198136
135.0,35.0,0.9141770133294936
135.0,40.0,3.6954860378547463
135.0,45.0,1.8264942615934876
135.0,50.0,0.5273665774371142
135.0,55.0,1.6086493276945868
135.0,60.0,0.7588313722378116
135.0,65.0,1.1814552568573757
135.0,70.0,1.0693369959174381
135.0,75.0,2.3681774091125987
135.0,80.0,1.626134192267214
135.0,85.0,1.8608668275534208
135.0,90.0,2.767396012253789
140.0,-90.0,3.95366711916396
140.0,-85.0,8.482090589186685
140.0,-80.0,7.594594975426758
140.0,-75.0,6.494994476161177
140.0,-70.0,8.468839461252719
140.0,-65.0,4.719939336896326
140.0,-60.0,5.859034080792792
140.0,-55.0,8.625598244298375
140.0,-50.0,8.400840162504657
140.0,-45.0,6.66687914115763
140.0,-40.0,4.640915863314213
140.0,-35.0,1.9568707344605203
140.0,-30.0,1.9231394604527654
140.0,-25.0,1.7448156736748162
140.0,-20.0,2.8617527067327484
140.0,-15.0,3.306800932092168
140.0,-10.0,6.062884889754705
140.0,-5.0,0.42681627608207434
140.0,0.0,1.7645640732477252
140.0,5.0,2.2776255111061343
140.0,10.0,4.604531395453386
140.0,15.0,5.808453481395364
140.0,20.0,5.372018093602446
140.0,25.0,3.5232331754331767
140.0,30.0,2.8224499520775646
140.0,35.0,2.5089958442867286
140.0,40.0,2.068627053204558
140.0,45.0,4.246857651661529
140.0,50.0,1.3299440865006011
140.0,55.0,3.3922221526291003
140.0,60.0,1.1010380637344033
140.0,65.0,0.9517768607814672
140.0,70.0,1.746946369303238
140.0,75.0,2.0431497397226206
140.0,80.0,1.7632509549215465
140.0,85.0,1.849509038241241
140.0,90.0,2.767396012253789
145.0,-90.0,3.95366711916396
145.0,-85.0,8.367070196093346
145.0,-80.0,7.365276557046093
145.0,-75.0,6.365583830778597
145.0,-70.0,10.601583014892334
145.0,-65.0,3.936552544318276
145.0,-60.0,6.609473760692843
145.0,-55.0,8.39850837785477
145.0,-50.0,7.775219902174182
145.0,-45.0,6.2371196050735245
145.0,-40.0,4.214816346823118
145.0,-35.0,1.218988702360434
145.0,-30.0,0.9432114351590309
145.0,-25.0,1.5599259228776223
145.0,-20.0,2.1064559043657884
145.0,-15.0,3.6810005239176466
145.0,-10.0,6.022581484824475
145.0,-5.0,0.3588377877439308
145.0,0.0,1.9007150677588533
145.0,5.0,2.5194877677218233
145.0,10.0,4.93466960741918
145.0,15.0,6.152812240142534
145.0,20.0,5.451919611493859
145.0,25.0,3.557341384962602
145.0,30.0,2.7475990698575585
145.0,35.0,3.2037679559448513
145.0,40.0,4.03233053207675
145.0,45.0,3.248317441752698
145.0,50.0,3.0006188397465388
145.0,55.0,3.4295943527998336
145.0,60.0,1.4428871615776337
145.0,65.0,0.47791461075170566
145.0,70.0,1.137587297312966
145.0,75.0,2.236277436452486
145.0,80.0,1.9401361654897877
145.0,85.0,1.8670078481720251
145.0,90.0,2.767396012253789
150.0,-90.0,3.95366711916396
150.0,-85.0,8.164609751890344
150.0,-80.0,8.563603805530215
150.0,-75.0,7.027785512847
150.0,-70.0,8.518501672236535
150.0,-65.0,2.46303747674976
150.0,-60.0,7.00633226836803
150.0,-55.0,8.762858952099789
150.0,-50.0,7.433696935812251
150.0,-45.0,5.528479026749516
150.0,-40.0,3.792508360148844
150.0,-35.0,1.749048991252607
150.0,-30.0,0.8224901486496976
150.0,-25.0,1.4697207189169195
150.0,-20.0,5.809643343721405
150.0,-15.0,6.334465784953092
150.0,-10.0,2.049808994514921
150.0,-5.0,2.348905126068713
150.0,0.0,1.8235240497240612
150.0,5.0,2.7100527435800204
150.0,10.0,5.124618252884246
150.0,15.0,6.569493364969321
150.0,20.0,5.804285543956457
150.0,25.0,3.911220164109174
150.0,30.0,2.886587682857456
150.0,35.0,3.415480372034463
150.0,40.0,3.6186136811373224
150.0,45.0,3.72764668084964
150.0,50.0,3.3867705850334655
150.0,55.0,2.9763765216748403
150.0,60.0,2.1698256923741015
150.0,65.0,1.0464657964195745
150.0,70.0,1.052563758559362
150.0,75.0,2.0221772937678284
150.0,80.0,2.0938557179189146
150.0,85.0,1.896752529891681
150.0,90.0,2.767396012253789
155.0,-90.0,3.95366711916396
155.0,-85.0,8.63690672173175
155.0,-80.0,3.0413853335907874
155.0,-75.0,8.493964885900388
155.0,-70.0,6.470892150666377
155.0,-65.0,2.8711407096504513
155.0,-60.0,7.539830108450629
155.0,-55.0,8.285739538082916
155.0,-50.0,7.002813506803381
155.0,-45.0,4.37441411476621
155.0,-40.0,2.917273999955325
155.0,-35.0,2.1709487442317634
155.0,-30.0,2.4323373534007837
155.0,-25.0,3.9284625154653923
155.0,-20.0,6.332972574785259
155.0,-15.0,6.215325994105083
155.0,-10.0,5.099518993692591
155.0,-5.0,2.5571605602708583
155.0,0.0,1.906874649071092
155.0,5.0,3.1978337262497356
155.0,10.0,5.620164350593476
155.0,15.0,6.916585294727181
155.0,20.0,6.149200219888667
155.0,25.0,3.9885177068013262
155.0,30.0,2.707123006147294
155.0,35.0,3.363280513008242
155.0,40.0,3.6767486872384185
155.0,45.0,3.8484216801026445
155.0,50.0,2.6624712062757605
155.0,55.0,1.9526273513360628
155.0,60.0,3.691453001097402
155.0,65.0,0.7259837577727354
155.0,70.0,1.1561187145826093
155.0,75.0,2.103080854254462
155.0,80.0,2.176189568419057
155.0,85.0,1.9240041314234606
155.0,90.0,2.767396012253789
160.0,-90.0,3.95366711916396
160.0,-85.0,6.7103467645598665
160.0,-80.0,3.2896056998088437
160.0,-75.0,9.841725172683395
160.0,-70.0,3.0508423078750986
160.0,-65.0,3.637310121246452
160.0,-60.0,7.559981141957852
160.0,-55.0,7.5259102009088705
160.0,-50.0,6.35589840294989
160.0,-45.0,4.007916888414755
160.0,-40.0,2.8845313536301007
160.0,-35.0,2.6823314235485305
160.0,-30.0,2.5483960962861354
160.0,-25.0,4.250018042764278
160.0,-20.0,6.313164585780022
160.0,-15.0,6.158228326542961
160.0,-10.0,3.9117180732983243
160.0,-5.0,2.498903190648649
160.0,0.0,2.219358440002711
160.0,5.0,3.577313727306864
160.0,10.0,6.373189791663118
160.0,15.0,7.198691826857821
160.0,20.0,6.28044385662249
160.0,25.0,4.033238533556188
160.0,30.0,2.7015068048460376
160.0,35.0,3.2838104148245897
160.0,40.0,3.666485820794575
160.0,45.0,3.9472950433556933
160.0,50.0,4.428409604781806
160.0,55.0,0.49709730287053505
160.0,60.0,3.3530092604183728
160.0,65.0,0.995846604471256
160.0,70.0,1.7208354839979219
160.0,75.0,1.9566636382240679
160.0,80.0,2.1258755072142312
160.0,85.0,1.9596166031838524
160.0,90.0,2.767396012253789
165.0,-90.0,3.95366711916396
165.0,-85.0,4.630753835961503
165.0,-80.0,3.504542799199715
165.0,-75.0,6.052206240990661
165.0,-70.0,3.428051724062706
165.0,-65.0,4.291200052455284
165.0,-60.0,8.005764319579322
165.0,-55.0,8.07774506297131
165.0,-50.0,6.028326892819844
165.0,-45.0,3.207116124038629
165.0,-40.0,2.918227456828534
165.0,-35.0,2.8295336322570566
165.0,-30.0,2.810238827802031
165.0,-25.0,4.395503377334891
165.0,-20.0,5.589700164563041
165.0,-15.0,5.33301648492293
165.0,-10.0,4.485323947900009
165.0,-5.0,2.7618781250026614
165.0,0.0,2.662283000312664
165.0,5.0,4.0848243875084504
165.0,10.0,6.892924732050855
165.0,15.0,7.313321350988258
165.0,20.0,6.528888100815827
165.0,25.0,4.14050741413387
165.0,30.0,2.468051993888111
165.0,35.0,3.3963972414814685
165.0,40.0,3.5497922626563323
165.0,45.0,4.085764904330169
165.0,50.0,4.485101087768187
165.0,55.0,2.518549973890224
165.0,60.0,2.662876423662718
165.0,65.0,0.8814296040453478
165.0,70.0,1.8592745820339474
165.0,75.0,1.7564907452092602
165.0,80.0,2.1014912391135376
165.0,85.0,2.0020235375461044
165.0,90.0,2.767396012253789
170.0,-90.0,3.95366711916396
170.0,-85.0,1.686545809030033
170.0,-80.0,3.2928197500523075
170.0,-75.0,3.7031330956872455
170.0,-70.0,5.262082288847272
170.0,-65.0,4.656184121017682
170.0,-60.0,8.175473000923017
170.0,-55.0,7.619379245961156
170.0,-50.0,5.570700768247437
170.0,-45.0,1.244428804298683
170.0,-40.0,3.02918549092011
170.0,-35.0,2.8832051198526543
170.0,-30.0,2.866693116499271
170.0,-25.0,4.022633391733219
170.0,-20.0,5.191566498061893
170.0,-15.0,5.647698385633422
170.0,-10.0,4.195305659060484
170.0,-5.0,3.4040912208458263
170.0,0.0,3.0410873334692266
170.0,5.0,4.769271505291501
170.0,10.0,7.270005776558171
170.0,15.0,7.384249910103413
170.0,20.0,6.718508737597922
170.0,25.0,4.3040728069364524
170.0,30.0,2.342878595563256
170.0,35.0,3.0758440177724293
170.0,40.0,3.360879779563284
170.0,45.0,4.1273293263781134
170.0,50.0,4.617289318511405
170.0,55.0,2.362654186624362
170.0,60.0,3.70520182254173
170.0,65.0,2.1920630367508473
170.0,70.0,1.819191890049698
170.0,75.0,1.6058416275094618
170.0,80.0,2.045336562297412
170.0,85.0,2.0624279894833766
170.0,90.0,2.767396012253789
175.0,-90.0,3.95366711916396
175.0,-85.0,0.9173854644071743
175.0,-80.0,3.462503888368328
175.0,-75.0,4.818972817106571
175.0,-70.0,4.463596377244082
175.0,-65.0,5.15417626772997
175.0,-60.0,8.062158252769962
175.0,-55.0,7.500133727614318
175.0,-50.0,5.0056538059751245
175.0,-45.0,2.2354369770624505
175.0,-40.0,2.4252495126608786
175.0,-35.0,2.8181756061241425
175.0,-30.0,2.972474887128275
175.0,-25.0,4.099234875261379
175.0,-20.0,4.981420530570443
175.0,-15.0,5.1075186546585325
175.0,-10.0,4.0594307524909325
175.0,-5.0,3.860452269346798
175.0,0.0,3.4423246144769144
175.0,5.0,5.167369153681636
175.0,10.0,7.540872108843373
175.0,15.0,7.315343087115753
175.0,20.0,6.747236978651674
175.0,25.0,4.560989667483503
175.0,30.0,2.4621231048191325
175.0,35.0,3.178811823521164
175.0,40.0,3.592389071920794
175.0,45.0,4.447305950339266
175.0,50.0,4.6824153368241666
175.0,55.0,2.1222254064176376
175.0,60.0,3.663077057736007
175.0,65.0,1.5590835555017482
175.0,70.0,1.7091609205010483
175.0,75.0,1.7415501381881426
175.0,80.0,1.9904992826641117
175.0,85.0,2.112532857647985
175.0,90.0,2.767396012253789
180.0,-90.0,3.95366711916396
180.0,-85.0,3.395752292786529
180.0,-80.0,3.25064186953889
180.0,-75.0,4.736755147797877
180.0,-70.0,2.8065478056986137
180.0,-65.0,5.7276924404818415
180.0,-60.0,8.143812183818396
180.0,-55.0,7.7497825021346705
180.0,-50.0,4.736925231773651
180.0,-45.0,2.8303858955821712
180.0,-40.0,3.1081492013821137
180.0,-35.0,3.0222369216428135
180.0,-30.0,3.226121199502142
180.0,-25.0,4.0439296125808974
180.0,-20.0,4.533559093268269
180.0,-15.0,5.204809121712186
180.0,-10.0,4.152438574369287
180.0,-5.0,4.261920123311094
180.0,0.0,4.074212103994175
180.0,5.0,5.291378791414236
180.0,10.0,7.64089340948906
180.0,15.0,7.246050380920177
180.0,20.0,6.685590569709691
180.0,25.0,4.6449016556114655
180.0,30.0,2.736880825861027
180.0,35.0,3.500740829889208
180.0,40.0,3.562628309325092
180.0,45.0,4.656694932037024
180.0,50.0,4.533302897085754
180.0,55.0,2.377339106933073
180.0,60.0,3.1912038212398337
180.0,65.0,3.1082312352145967
180.0,70.0,2.09513031555691
180.0,75.0,1.9623224972632027
180.0,80.0,2.0204953519805477
180.0,85.0,2.1308688646468794
180.0,90.0,2.767396012253789
185.0,-90.0,3.95366711916396
185.0,-85.0,1.2989794609014564
185.0,-80.0,2.948365798692309
185.0,-75.0,4.252058315173355
185.0,-70.0,2.346374458167119
185.0,-65.0,5.951513440654868
185.0,-60.0,7.998098518987773
185.0,-55.0,7.244722228860804
185.0,-50.0,4.673055854331496
185.0,-45.0,3.1229445317411244
185.0,-40.0,3.555199170555444
185.0,-35.0,3.2006576987556428
185.0,-30.0,3.3571293785049647
185.0,-25.0,4.168196232245531
185.0,-20.0,5.0146193084863135
185.0,-15.0,5.069984279206526
185.0,-10.0,4.269194519942378
185.0,-5.0,4.482059927053741
185.0,0.0,4.537643095603986
185.0,5.0,5.3582003363101345
185.0,10.0,7.7352073029302275
185.0,15.0,7.259147554878051
185.0,20.0,6.379701654053734
185.0,25.0,4.813781614514625
185.0,30.0,2.984592387371961
185.0,35.0,3.412328613739175
185.0,40.0,3.502124008283095
185.0,45.0,4.758703272686964
185.0,50.0,4.225489762961075
185.0,55.0,2.5327804071715194
185.0,60.0,2.9746584748310982
185.0,65.0,3.053902298203214
185.0,70.0,2.8467095821062043
185.0,75.0,2.2196614340735263
185.0,80.0,2.030744928190767
185.0,85.0,2.1327858143342957
185.0,90.0,2.767396012253789
190.0,-90.0,3.95366711916396
190.0,-85.0,1.715310269679179
190.0,-80.0,2.4087066771690213
190.0,-75.0,3.560844873066405
190.0,-70.0,2.677583988293419
190.0,-65.0,6.056412650861855
190.0,-60.0,8.04187996734
190.0,-55.0,6.896020639727992
190.0,-50.0,4.664108243924757
190.0,-45.0,3.0233724847704515
190.0,-40.0,3.117862914186476
190.0,-35.0,3.193226634637957
190.0,-30.0,3.6639091718232435
190.0,-25.0,4.152347312937167
190.0,-20.0,4.992409358774754
190.0,-15.0,4.972355623200853
190.0,-10.0,4.579333934757396
190.0,-5.0,4.940776743866665
190.0,0.0,5.203520638125906
190.0,5.0,5.442065466012521
190.0,10.0,7.877506542341679
190.0,15.0,7.32511097428156
190.0,20.0,6.022762737638215
190.0,25.0,4.845675341750287
190.0,30.0,3.1246296782347613
190.0,35.0,3.337842337867723
190.0,40.0,3.722169893195671
190.0,45.0,4.838376538100654
190.0,50.0,4.514592744022869
190.0,55.0,2.646028200046756
190.0,60.0,2.5971512078262875
190.0,65.0,3.5750072566362276
190.0,70.0,3.034485752176599
190.0,75.0,2.4411044084776763
190.0,80.0,2.0076009792583176
190.0,85.0,2.1527584165721736
190.0,90.0,2.767396012253789
195.0,-90.0,3.95366711916396
195.0,-85.0,3.7200518548450057
195.0,-80.0,1.9197511599982988
195.0,-75.0,3.0159540861819605
195.0,-70.0,2.988754533698383
195.0,-65.0,6.1086539809308675
195.0,-60.0,7.928282487880568
195.0,-55.0,6.803458606386065
195.0,-50.0,4.7429699494875885
195.0,-45.0,2.9269012949252144
195.0,-40.0,3.033180472709862
195.0,-35.0,2.9756040633912586
195.0,-30.0,3.3591553362220417
195.0,-25.0,4.009614915245961
195.0,-20.0,4.753408130835719
195.0,-15.0,4.875889140097034
195.0,-10.0,4.787612281407493
195.0,-5.0,5.428525246424233
195.0,0.0,5.50955497391817
195.0,5.0,5.5419443472454875
195.0,10.0,7.889092850809631
195.0,15.0,7.573926321974199
195.0,20.0,5.655387307961163
195.0,25.0,4.8047400471549375
195.0,30.0,3.380464379900333
195.0,35.0,3.2525231678501227
195.0,40.0,4.019590870069787
195.0,45.0,4.980600952726426
195.0,50.0,4.642858126967544
195.0,55.0,2.790120920591368
195.0,60.0,2.321279471635949
195.0,65.0,0.6045615020854512
195.0,70.0,2.934347468379652
195.0,75.0,2.74469834733318
195.0,80.0,1.9488288031096308
195.0,85.0,2.21008885748082
195.0,90.0,2.767396012253789
200.0,-90.0,3.95366711916396
200.0,-85.0,5.346668636046748
200.0,-80.0,1.156009609737472
200.0,-75.0,2.672547113939778
200.0,-70.0,3.340327404072051
200.0,-65.0,6.185409359100099
200.0,-60.0,7.729621864640538
200.0,-55.0,6.856629763051759
200.0,-50.0,4.706275111694008
200.0,-45.0,2.96439844262704
200.0,-40.0,2.7532894675331403
200.0,-35.0,3.0171675517051386
200.0,-30.0,3.215645622022434
200.0,-25.0,3.5767041960739387
200.0,-20.0,4.601354446361476
200.0,-15.0,4.881170401041717
200.0,-10.0,4.955335429161994
200.0,-5.0,5.778059437525408
200.0,0.0,5.626340068462571
200.0,5.0,5.488180101358147
200.0,10.0,7.842884965856918
200.0,15.0,7.8915468913216245
200.0,20.0,5.18049215851915
200.0,25.0,5.130495648095736
200.0,30.0,3.774240901431624
200.0,35.0,3.182354883523196
200.0,40.0,4.09536389554246
200.0,45.0,4.86127642929888
200.0,50.0,4.57763354200639
200.0,55.0,3.013792176610583
200.0,60.0,1.113195370833934
200.0,65.0,1.6247024475973981
200.0,70.0,1.8123120975845428
200.0,75.0,2.7962310972843185
200.0,80.0,1.920220320215419
200.0,85.0,2.274615599225358
200.0,90.0,2.767396012253789
205.0,-90.0,3.95366711916396
205.0,-85.0,5.186671531068497
205.0,-80.0,1.3397457139553455
205.0,-75.0,2.2987850655548088
205.0,-70.0,3.73503059434238
205.0,-65.0,6.1218402010332005
205.0,-60.0,7.622755091975218
205.0,-55.0,6.735159551585231
205.0,-50.0,5.044668303525675
205.0,-45.0,3.151759867776304
205.0,-40.0,2.4755946237797137
205.0,-35.0,2.753386672203341
205.0,-30.0,3.0256158381587803
205.0,-25.0,3.462833889907067
205.0,-20.0,4.354282531431683
205.0,-15.0,4.686332576512384
205.0,-10.0,5.3262345829740765
205.0,-5.0,6.250624767980228
205.0,0.0,5.919141554274677
205.0,5.0,5.479957566838805
205.0,10.0,7.779406553345446
205.0,15.0,8.189705262180881
205.0,20.0,4.33769893730421
205.0,25.0,5.321823013017046
205.0,30.0,3.7296067634384715
205.0,35.0,2.9041265750783367
205.0,40.0,4.1703392188651724
205.0,45.0,4.853626694225485
205.0,50.0,4.681341168798052
205.0,55.0,3.571085920870395
205.0,60.0,1.3014529461174522
205.0,65.0,1.0184081478156704
205.0,70.0,1.4324241263172584
205.0,75.0,2.729158659988139
205.0,80.0,1.9695596919463714
205.0,85.0,2.350705961226091
205.0,90.0,2.767396012253789
210.0,-90.0,3.95366711916396
210.0,-85.0,5.4836485127697925
210.0,-80.0,0.9346420114488678
210.0,-75.0,1.9819444555994703
210.0,-70.0,4.032062524082344
210.0,-65.0,6.177439250290448
210.0,-60.0,7.477124957660627
210.0,-55.0,6.400096637915581
210.0,-50.0,4.868240486042056
210.0,-45.0,3.5081318306528932
210.0,-40.0,2.482099310880222
210.0,-35.0,2.479450772588699
210.0,-30.0,2.798879444993901
210.0,-25.0,3.115220277003712
210.0,-20.0,4.143573505085505
210.0,-15.0,4.68437533083937
210.0,-10.0,5.637228360283603
210.0,-5.0,6.399182206843744
210.0,0.0,5.920815672456224
210.0,5.0,5.544968818652957
210.0,10.0,7.6442896008347105
210.0,15.0,8.130171819553492
210.0,20.0,6.914902514260368
210.0,25.0,5.105763266293941
210.0,30.0,3.634989479863292
210.0,35.0,2.4378272374665464
210.0,40.0,3.886530245281392
210.0,45.0,4.735955520035558
210.0,50.0,4.597826688510396
210.0,55.0,4.041245630956706
210.0,60.0,0.8396864383692106
210.0,65.0,1.4756069873670787
210.0,70.0,1.6600453158678372
210.0,75.0,2.527603712759787
210.0,80.0,2.0725444919241567
210.0,85.0,2.4309208247488163
210.0,90.0,2.767396012253789
215.0,-90.0,3.95366711916396
215.0,-85.0,7.144538440595376
215.0,-80.0,2.0369898274473033
215.0,-75.0,2.079838118856536
215.0,-70.0,4.157368829953144
215.0,-65.0,6.137555530356189
215.0,-60.0,7.5242883940328795
215.0,-55.0,6.628396893033937
215.0,-50.0,4.978085289517495
215.0,-45.0,3.364691536951949
215.0,-40.0,2.1770911023769877
215.0,-35.0,2.304816819332989
215.0,-30.0,2.692235106225658
215.0,-25.0,2.8840968526720228
215.0,-20.0,3.8522078604134946
215.0,-15.0,5.0041158290392085
215.0,-10.0,6.003744627361487
215.0,-5.0,6.611111386269363
215.0,0.0,5.879647157801586
215.0,5.0,5.4379603995935275
215.0,10.0,7.4798560572802595
215.0,15.0,8.162702309555785
215.0,20.0,7.092384461548161
215.0,25.0,5.074358089186519
215.0,30.0,3.4054775728002107
215.0,35.0,2.132901180230266
215.0,40.0,3.5426434392486406
215.0,45.0,4.8309017386983735
215.0,50.0,4.834449974168463
215.0,55.0,3.696999744565098
215.0,60.0,3.683194297464683
215.0,65.0,1.1601373696261825
215.0,70.0,2.0851111950513253
215.0,75.0,2.2708521127954584
215.0,80.0,2.184220382480067
215.0,85.0,2.479532320468907
215.0,90.0,2.767396012253789
220.0,-90.0,3.95366711916396
220.0,-85.0,9.008680033858647
220.0,-80.0,3.3057220774958735
220.0,-75.0,3.4676456538352483
220.0,-70.0,4.165029194917841
220.0,-65.0,6.182728758244789
220.0,-60.0,7.487118498663989
220.0,-55.0,6.671833269188514
220.0,-50.0,5.359581683972138
220.0,-45.0,3.5814381281128256
220.0,-40.0,2.2935345667256453
220.0,-35.0,2.257477285339183
220.0,-30.0,2.390790636371551
220.0,-25.0,2.7455154411080938
220.0,-20.0,3.75822473155107
220.0,-15.0,5.478343031838605
220.0,-10.0,6.38303604433496
220.0,-5.0,6.9156796955573485
220.0,0.0,5.857661797213216
220.0,5.0,5.316331495894215
220.0,10.0,7.200320362115266
220.0,15.0,8.012721426901301
220.0,20.0,7.1304145987407646
220.0,25.0,5.07365566774255
220.0,30.0,3.185202869492267
220.0,35.0,2.3525711801406364
220.0,40.0,3.3905488150400767
220.0,45.0,4.538049583217906
220.0,50.0,4.499072829536574
220.0,55.0,3.118641716581305
220.0,60.0,1.497411639656183
220.0,65.0,1.0284282599038075
220.0,70.0,2.3765488258866134
220.0,75.0,2.0784088003651093
220.0,80.0,2.2844342759437706
220.0,85.0,2.5055760085555976
220.0,90.0,2.767396012253789
225.0,-90.0,3.95366711916396
225.0,-85.0,10.769632592520685
225.0,-80.0,5.125229377522047
225.0,-75.0,3.2432622112544554
225.0,-70.0,3.8652310647950627
225.0,-65.0,6.0605734421355075
225.0,-60.0,7.446742118012977
225.0,-55.0,6.382912351180818
225.0,-50.0,5.643056369979775
225.0,-45.0,3.7837001630133593
225.0,-40.0,2.590760964593705
225.0,-35.0,2.445670330536301
225.0,-30.0,2.4299069348874593
225.0,-25.0,2.4840470097106393
225.0,-20.0,4.232725455674784
225.0,-15.0,6.040224484438185
225.0,-10.0,6.920739039265654
225.0,-5.0,6.951933818363044
225.0,0.0,5.805927408408181
225.0,5.0,5.0820572848330885
225.0,10.0,6.76647041696721
225.0,15.0,7.657253472617186
225.0,20.0,7.004072904633378
225.0,25.0,4.8703882667702745
225.0,30.0,3.1974678846564566
225.0,35.0,3.1105168592717107
225.0,40.0,3.5823844890747867
225.0,45.0,3.934167383980657
225.0,50.0,3.9220003317249064
225.0,55.0,3.2208128146917474
225.0,60.0,1.203622105681907
225.0,65.0,1.176578056582073
225.0,70.0,2.013698568068344
225.0,75.0,1.979085534478507
225.0,80.0,2.3776456187874713
225.0,85.0,2.5332073625858826
225.0,90.0,2.767396012253789
230.0,-90.0,3.95366711916396
230.0,-85.0,11.468883890178482
230.0,-80.0,6.614367713276614
230.0,-75.0,5.935116660393363
230.0,-70.0,3.452366435963009
230.0,-65.0,5.951491272535219
230.0,-60.0,7.457769796317272
230.0,-55.0,6.784347416979898
230.0,-50.0,6.006931245990294
230.0,-45.0,4.036427973831987
230.0,-40.0,2.70522889380824
230.0,-35.0,2.5640551633637108
230.0,-30.0,2.1895433408941876
230.0,-25.0,2.7795648725471764
230.0,-20.0,4.700062953881976
230.0,-15.0,6.465199436948307
230.0,-10.0,7.1817867456731
230.0,-5.0,7.051768784356778
230.0,0.0,5.761799735763489
230.0,5.0,5.009358757117531
230.0,10.0,6.169909446388925
230.0,15.0,7.274872410671223
230.0,20.0,6.580136788294158
230.0,25.0,4.736248107101629
230.0,30.0,3.7956016677359052
230.0,35.0,4.245785941118149
230.0,40.0,4.043165567869809
230.0,45.0,3.6354882113438904
230.0,50.0,3.29215854208293
230.0,55.0,0.8365272753454428
230.0,60.0,1.331250922333954
230.0,65.0,1.186716921181864
230.0,70.0,1.8668800957904734
230.0,75.0,1.9370593704852306
230.0,80.0,2.486199945007318
230.0,85.0,2.5882610741471024
230.0,90.0,2.767396012253789
235.0,-90.0,3.95366711916396
235.0,-85.0,12.170501326782222
235.0,-80.0,6.726476885753116
235.0,-75.0,7.2689755309406365
235.0,-70.0,3.2086180188344966
235.0,-65.0,5.808560861674883
235.0,-60.0,7.561992990789114
235.0,-55.0,7.179511646006371
235.0,-50.0,6.151727865976358
235.0,-45.0,4.4591274544997725
235.0,-40.0,2.978138189388057
235.0,-35.0,2.849872013182067
235.0,-30.0,2.6966114652330777
235.0,-25.0,3.3258798615709146
235.0,-20.0,5.098535884996669
235.0,-15.0,6.752133301138026
235.0,-10.0,7.332395726323258
235.0,-5.0,7.188469782365683
235.0,0.0,5.753648549657878
235.0,5.0,4.985926704766018
235.0,10.0,5.075740707908565
235.0,15.0,6.770791117856642
235.0,20.0,6.071535294157215
235.0,25.0,4.671656224631827
235.0,30.0,4.59761913325864
235.0,35.0,5.515711160501987
235.0,40.0,5.1556378762764625
235.0,45.0,3.2376153746396823
235.0,50.0,0.9617868343235094
235.0,55.0,0.7324353134711897
235.0,60.0,1.2448978180938302
235.0,65.0,0.8213476266390408
235.0,70.0,1.9143897488317154
235.0,75.0,2.1005042016689077
235.0,80.0,2.5792126538542712
235.0,85.0,2.6530577582403274
235.0,90.0,2.767396012253789
240.0,-90.0,3.95366711916396
240.0,-85.0,11.499535683926895
240.0,-80.0,6.766803766353811
240.0,-75.0,8.667100393624082
240.0,-70.0,2.9439962480359014
240.0,-65.0,5.767890913444802
240.0,-60.0,7.048721689443915
240.0,-55.0,7.191003535812899
240.0,-50.0,6.405465248030453
240.0,-45.0,5.033440998707569
240.0,-40.0,3.393292085126897
240.0,-35.0,2.931620209044459
240.0,-30.0,3.109377274872461
240.0,-25.0,3.750329105105789
240.0,-20.0,5.404661632770604
240.0,-15.0,6.884188250621126
240.0,-10.0,7.477888982666279
240.0,-5.0,7.10132523155286
240.0,0.0,5.587282375667155
240.0,5.0,4.8042567991086225
240.0,10.0,4.2827651082327804
240.0,15.0,5.811062889138092
240.0,20.0,5.50899299591205
240.0,25.0,4.8669777570081525
240.0,30.0,5.350453876981028
240.0,35.0,0.7412728601731898
240.0,40.0,0.890283139862413
240.0,45.0,1.1788772291252458
240.0,50.0,1.2858581836048992
240.0,55.0,1.8558963246087996
240.0,60.0,0.9051181987972116
240.0,65.0,1.228407252099626
240.0,70.0,2.4113358928146753
240.0,75.0,2.0134231465598806
240.0,80.0,2.4982386557630325
240.0,85.0,2.724161023783632
240.0,90.0,2.767396012253789
245.0,-90.0,3.95366711916396
245.0,-85.0,9.47234779878889
245.0,-80.0,6.025220855546369
245.0,-75.0,4.637344082408096
245.0,-70.0,2.8498612474236964
245.0,-65.0,5.425288718594968
245.0,-60.0,7.0301820021959465
245.0,-55.0,7.520797257555856
245.0,-50.0,6.6329241075209815
245.0,-45.0,5.284912682626538
245.0,-40.0,3.586567586967433
245.0,-35.0,2.6626735908692827
245.0,-30.0,2.9649037355528916
245.0,-25.0,3.943417773890046
245.0,-20.0,5.571402871260799
245.0,-15.0,6.998745024465052
245.0,-10.0,7.546320454666721
245.0,-5.0,7.110469799581526
245.0,0.0,5.496456919221353
245.0,5.0,4.7641519492794115
245.0,10.0,4.0757707381222295
245.0,15.0,4.846106499257397
245.0,20.0,4.876075582016181
245.0,25.0,5.686187615105012
245.0,30.0,2.661305585888449
245.0,35.0,1.7232198708836635
245.0,40.0,1.1164513597143824
245.0,45.0,0.8414757573874367
245.0,50.0,1.0029218694288609
245.0,55.0,1.197952804217441
245.0,60.0,0.9946414499371216
245.0,65.0,1.557971383019142
245.0,70.0,1.9226546026603675
245.0,75.0,1.4492204925491456
245.0,80.0,2.3991056179864962
245.0,85.0,2.8043304341223982
245.0,90.0,2.767396012253789
250.0,-90.0,3.95366711916396
250.0,-85.0,7.825966190008619
250.0,-80.0,5.668883666217091
250.0,-75.0,3.357728449709679
250.0,-70.0,2.8859227329267827
250.0,-65.0,5.166394955514982
250.0,-60.0,6.949303515830894
250.0,-55.0,7.63654702289753
250.0,-50.0,6.874104374927405
250.0,-45.0,5.770144139026367
250.0,-40.0,3.763946668927774
250.0,-35.0,2.487578109563343
250.0,-30.0,2.867041406705954
250.0,-25.0,4.000044920288911
250.0,-20.0,5.753372580453925
250.0,-15.0,7.130929270911047
250.0,-10.0,7.541933188064327
250.0,-5.0,7.0702482988295925
250.0,0.0,5.301125083613559
250.0,5.0,4.530803051669003
250.0,10.0,3.6974172450750427
250.0,15.0,3.5483681270527545
250.0,20.0,3.6348556963373535
250.0,25.0,3.468556098416085
250.0,30.0,0.853672591109662
250.0,35.0,1.6549452859461276
250.0,40.0,1.3960048990328833
250.0,45.0,1.1901158274972872
250.0,50.0,1.8262967204484186
250.0,55.0,1.138406263834067
250.0,60.0,1.0483617617554108
250.0,65.0,1.5418783852932714
250.0,70.0,1.728450712743083
250.0,75.0,2.188869459458192
250.0,80.0,2.3037890536268013
250.0,85.0,2.901916136356762
250.0,90.0,2.767396012253789
255.0,-90.0,3.95366711916396
255.0,-85.0,7.0974239080860615
255.0,-80.0,5.262137183503776
255.0,-75.0,8.584116185254546
255.0,-70.0,2.804116301715565
255.0,-65.0,4.755903919263607
255.0,-60.0,6.945444745287816
255.0,-55.0,7.694739626776321
255.0,-50.0,7.086545644418689
255.0,-45.0,6.021064558010928
255.0,-40.0,3.756377566424122
255.0,-35.0,2.472112129878192
255.0,-30.0,3.0991050746713964
255.0,-25.0,4.062962512178459
255.0,-20.0,5.914525138008275
255.0,-15.0,7.299543680769015
255.0,-10.0,7.507779877162627
255.0,-5.0,6.787737412652761
255.0,0.0,4.97275274458693
255.0,5.0,4.125014623943199
255.0,10.0,3.5579040705812
255.0,15.0,2.0735766860663234
255.0,20.0,0.39950027733575527
255.0,25.0,1.2214172557964675
255.0,30.0,1.2377657710717942
255.0,35.0,2.823836299759534
255.0,40.0,0.41263355852685707
255.0,45.0,1.1628234394964896
255.0,50.0,1.423015731327485
255.0,55.0,1.1365226347872746
255.0,60.0,1.281665035953396
255.0,65.0,1.5783625923424534
255.0,70.0,2.315180667725324
255.0,75.0,2.337472987480011
255.0,80.0,2.3451653973838287
255.0,85.0,2.945381771740459
255.0,90.0,2.767396012253789
260.0,-90.0,3.95366711916396
260.0,-85.0,2.1989910027939876
260.0,-80.0,3.7136608522647436
260.0,-75.0,5.880367966387895
260.0,-70.0,2.6088572281555487
260.0,-65.0,4.739152454625773
260.0,-60.0,7.144147714015285
260.0,-55.0,7.55952852509641
260.0,-50.0,7.255207516181685
260.0,-45.0,6.022866394237003
260.0,-40.0,4.0042877509064985
260.0,-35.0,2.841899888203004
260.0,-30.0,3.2220204292252945
260.0,-25.0,4.018881268061614
260.0,-20.0,6.049488745699002
260.0,-15.0,7.391861414500075
260.0,-10.0,7.3990634271471185
260.0,-5.0,6.467807065727669
260.0,0.0,4.723428481670743
260.0,5.0,3.868117850094279
260.0,10.0,3.577867296369702
260.0,15.0,1.3360364141022743
260.0,20.0,1.0710032681942052
260.0,25.0,0.4846642370507643
260.0,30.0,1.9591986471302851
260.0,35.0,1.2545140937161097
260.0,40.0,1.1906141712167921
260.0,45.0,1.3013087221950002
260.0,50.0,1.4439219639698562
260.0,55.0,0.9822093110811346
260.0,60.0,1.982535839675071
260.0,65.0,1.9353060268995261
260.0,70.0,2.2107242368286273
260.0,75.0,2.164880859819138
260.0,80.0,2.228295057118569
260.0,85.0,2.9022740807925884
260.0,90.0,2.767396012253789
265.0,-90.0,3.95366711916396
265.0,-85.0,2.866373473122561
265.0,-80.0,4.086956495648875
265.0,-75.0,5.310131524901507
265.0,-70.0,2.6007716503522857
265.0,-65.0,4.446671081598624
265.0,-60.0,6.806737799325849
265.0,-55.0,7.620519460223652
265.0,-50.0,7.30820794418288
265.0,-45.0,6.068023258852482
265.0,-40.0,4.0661054715226586
265.0,-35.0,2.9634907737289313
265.0,-30.0,3.1484906169879956
265.0,-25.0,3.969300655425906
265.0,-20.0,6.317488337278392
265.0,-15.0,7.383634753141727
265.0,-10.0,7.21417094551056
265.0,-5.0,6.1372371701416455
265.0,0.0,4.558198641511875
265.0,5.0,3.589748474017256
265.0,10.0,3.288422553607606
265.0,15.0,5.144631234651261
265.0,20.0,3.261074305169234
265.0,25.0,3.7062197361044684
265.0,30.0,1.1226179277038115
265.0,35.0,0.9619892385478344
265.0,40.0,0.860949338151916
265.0,45.0,1.2064565596014385
265.0,50.0,1.0212307280067194
265.0,55.0,1.1796904284805791
265.0,60.0,2.534909812691142
265.0,65.0,1.663466511760965
265.0,70.0,2.170622267132632
265.0,75.0,1.8131939680889586
265.0,80.0,1.4448294033948834
265.0,85.0,2.8072656909758584
265.0,90.0,2.767396012253789
270.0,-90.0,3.95366711916396
270.0,-85.0,2.6934368150359007
270.0,-80.0,3.5313416970889118
270.0,-75.0,7.9747452250936215
270.0,-70.0,2.4753152931955507
270.0,-65.0,4.199844847063769
270.0,-60.0,6.678757779938905
270.0,-55.0,7.433187158232243
270.0,-50.0,7.20754181500103
270.0,-45.0,6.015587076324683
270.0,-40.0,4.158703341252486
270.0,-35.0,3.0142560737043933
270.0,-30.0,3.137799635433611
270.0,-25.0,4.186461183716669
270.0,-20.0,6.5342519379545925
270.0,-15.0,7.399800782595698
270.0,-10.0,6.8712611406639885
270.0,-5.0,5.3657851129913565
270.0,0.0,4.5335529696661325
270.0,5.0,2.843484488181789
270.0,10.0,3.843008753432441
270.0,15.0,1.0632037051845837
270.0,20.0,1.99394014986121
270.0,25.0,3.4269523106339945
270.0,30.0,1.2734482729931755
270.0,35.0,0.6177687472380241
270.0,40.0,0.9270948340882622
270.0,45.0,0.859654900832786
270.0,50.0,1.149748803124407
270.0,55.0,1.2977588287939945
270.0,60.0,2.575157593602148
270.0,65.0,2.593639105976735
270.0,70.0,1.9377664623151596
270.0,75.0,1.6215707128590555
270.0,80.0,1.883311210509022
270.0,85.0,2.680873033575608
270.0,90.0,2.767396012253789
275.0,-90.0,3.95366711916396
275.0,-85.0,5.52370151866792
275.0,-80.0,3.577275251253024
275.0,-75.0,4.42411981037671
275.0,-70.0,2.3343364758909657
275.0,-65.0,4.04767965748229
275.0,-60.0,6.667286094177155
275.0,-55.0,7.543187502605712
275.0,-50.0,7.1316031865265
275.0,-45.0,5.90200930631605
275.0,-40.0,4.297040236012331
275.0,-35.0,3.2862021324463915
275.0,-30.0,3.210469079332744
275.0,-25.0,4.807947064985757
275.0,-20.0,6.678981627550624
275.0,-15.0,7.144600724675821
275.0,-10.0,6.226446269608329
275.0,-5.0,4.6497978983714106
275.0,0.0,4.207558859276556
275.0,5.0,2.7125420368006914
275.0,10.0,0.9230698523309916
275.0,15.0,1.0650428913448156
275.0,20.0,4.642637411018645
275.0,25.0,3.059330578931768
275.0,30.0,0.9144450546874402
275.0,35.0,0.5216178800415984
275.0,40.0,1.3943878881027274
275.0,45.0,1.0284128769930057
275.0,50.0,1.1116551733592202
275.0,55.0,2.614379065331784
275.0,60.0,2.4890133348905343
275.0,65.0,1.689946272766752
275.0,70.0,1.287190159278121
275.0,75.0,1.324188669813709
275.0,80.0,1.378822583842153
275.0,85.0,2.571179273087349
275.0,90.0,2.767396012253789
280.0,-90.0,3.95366711916396
280.0,-85.0,6.6692100922465825
280.0,-80.0,3.7859124374199795
280.0,-75.0,2.9152160707814314
280.0,-70.0,2.8308047065906887
280.0,-65.0,3.883361295101951
280.0,-60.0,6.7986090988991
280.0,-55.0,7.842676804670628
280.0,-50.0,6.850366400801389
280.0,-45.0,5.5697795996150505
280.0,-40.0,4.316916130871134
280.0,-35.0,3.901689016085724
280.0,-30.0,4.234097813817543
280.0,-25.0,5.66491418483048
280.0,-20.0,6.544928129721922
280.0,-15.0,6.797677678493237
280.0,-10.0,5.610517093010123
280.0,-5.0,0.6857364673259427
280.0,0.0,1.506766880936455
280.0,5.0,3.498686303379912
280.0,10.0,3.8372573075719942
280.0,15.0,6.4825310013489235
280.0,20.0,4.363873409190953
280.0,25.0,2.60868031311115
280.0,30.0,2.348844205958931
280.0,35.0,0.6390336548406682
280.0,40.0,1.234817449975511
280.0,45.0,1.2031308102553815
280.0,50.0,1.1666050987237908
280.0,55.0,2.696085820651747
280.0,60.0,2.172690749565504
280.0,65.0,2.308855564780572
280.0,70.0,2.190657788582938
280.0,75.0,1.9333404611869776
280.0,80.0,2.28403603205482
280.0,85.0,2.4551449514075743
280.0,90.0,2.767396012253789
285.0,-90.0,3.95366711916396
285.0,-85.0,5.836573185031013
285.0,-80.0,5.245525603387593
285.0,-75.0,1.9884163969661435
285.0,-70.0,2.833302258980874
285.0,-65.0,3.8181702378986437
285.0,-60.0,6.625354487037449
285.0,-55.0,8.345613818671938
285.0,-50.0,4.417237890767692
285.0,-45.0,4.34317872165047
285.0,-40.0,4.178096414094906
285.0,-35.0,5.21209293576981
285.0,-30.0,6.35110538962888
285.0,-25.0,6.190479264603916
285.0,-20.0,5.369599935353545
285.0,-15.0,1.4938416489531887
285.0,-10.0,0.17225384735772156
285.0,-5.0,0.614505010286415
285.0,0.0,0.33963002557017635
285.0,5.0,0.542530045999574
285.0,10.0,0.5522818555637125
285.0,15.0,8.142158262891916
285.0,20.0,2.3415714534963867
285.0,25.0,3.2358842353801465
285.0,30.0,2.4489173748834125
285.0,35.0,2.871551509945164
285.0,40.0,1.1007082474776653
285.0,45.0,1.063739354078376
285.0,50.0,1.069105550513852
285.0,55.0,2.0711269436729807
285.0,60.0,1.8334650348311807
285.0,65.0,1.5683986983870477
285.0,70.0,2.407787865061774
285.0,75.0,2.6818554967430877
285.0,80.0,1.7789608674184543
285.0,85.0,2.3164252289300493
285.0,90.0,2.767396012253789
290.0,-90.0,3.95366711916396
290.0,-85.0,7.378144528746835
290.0,-80.0,3.3661004471151528
290.0,-75.0,5.259250085416271
290.0,-70.0,1.385382473081896
290.0,-65.0,3.562256174100193
290.0,-60.0,6.108851127490254
290.0,-55.0,4.667339020137391
290.0,-50.0,3.9328927183179587
290.0,-45.0,4.265872388236193
290.0,-40.0,2.2376578577081636
290.0,-35.0,1.7003114193076305
290.0,-30.0,0.6755497136797635
290.0,-25.0,0.7523852336427743
290.0,-20.0,0.9526893255898311
290.0,-15.0,0.5253959877534164
290.0,-10.0,0.8827568873056504
290.0,-5.0,0.518754882521485
290.0,0.0,0.37242062920504876
290.0,5.0,0.9968254519475827
290.0,10.0,1.6567323893812624
290.0,15.0,7.865835606509119
290.0,20.0,5.398598777648914
290.0,25.0,3.151848353432836
290.0,30.0,2.319725632043637
290.0,35.0,2.9427397839509855
290.0,40.0,2.3943089438263403
290.0,45.0,1.1638485365865148
290.0,50.0,1.0028221901232686
290.0,55.0,2.022521797041966
290.0,60.0,2.3973406814102534
290.0,65.0,2.3766406775753848
290.0,70.0,0.4638382434548376
290.0,75.0,1.9889218575275198
290.0,80.0,1.4583385411440977
290.0,85.0,2.187879239322966
290.0,90.0,2.767396012253789
295.0,-90.0,3.95366711916396
295.0,-85.0,5.94074823063741
295.0,-80.0,2.5936738716258207
295.0,-75.0,1.8325413730931184
295.0,-70.0,2.7539989174097843
295.0,-65.0,2.854738856265002
295.0,-60.0,5.284623107742612
295.0,-55.0,5.646255534490325
295.0,-50.0,4.269089186529265
295.0,-45.0,3.054861026646082
295.0,-40.0,1.8128596093745035
295.0,-35.0,1.4936203570981703
295.0,-30.0,3.27488989033559
295.0,-25.0,0.5402950012054971
295.0,-20.0,0.9568028707668988
295.0,-15.0,1.071059030586997
295.0,-10.0,0.7791085951157025
295.0,-5.0,0.646004927722926
295.0,0.0,0.7356758844906022
295.0,5.0,1.200940721776248
295.0,10.0,1.6148823838674886
295.0,15.0,6.6979008482587545
295.0,20.0,5.391643129666953
295.0,25.0,3.4988552634630703
295.0,30.0,2.261198303357649
295.0,35.0,3.211585719061688
295.0,40.0,3.078225013022952
295.0,45.0,1.342843710645919
295.0,50.0,1.9816263001819863
295.0,55.0,1.7435395302577332
295.0,60.0,2.701305513443108
295.0,65.0,3.6155201663539884
295.0,70.0,2.2490674993139534
295.0,75.0,1.4418333998014228
295.0,80.0,2.980235534676993
295.0,85.0,2.096703371054845
295.0,90.0,2.767396012253789
300.0,-90.0,3.95366711916396
300.0,-85.0,7.591283285584531
300.0,-80.0,2.3254604223939896
300.0,-75.0,3.301901458915793
300.0,-70.0,2.362938199008272
300.0,-65.0,1.2174614010326654
300.0,-60.0,5.2286478270682295
300.0,-55.0,6.011342402043488
300.0,-50.0,4.940028376213754
300.0,-45.0,3.673086711542665
300.0,-40.0,2.5745297887402274
300.0,-35.0,0.9405228147355443
300.0,-30.0,1.6356963327037362
300.0,-25.0,1.4859871827851145
300.0,-20.0,1.6535018445438283
300.0,-15.0,0.9045230826695992
300.0,-10.0,0.9090418813877537
300.0,-5.0,0.9453335476450785
300.0,0.0,1.1317998546032688
300.0,5.0,1.7425001081103122
300.0,10.0,6.1471420418751315
300.0,15.0,6.1293133071899994
300.0,20.0,5.412974343122188
300.0,25.0,3.5863414898029506
300.0,30.0,2.1108655159724354
300.0,35.0,3.4349825599538377
300.0,40.0,3.5005050857131277
300.0,45.0,2.990736180346873
300.0,50.0,2.3212958289301144
300.0,55.0,1.968421589074796
300.0,60.0,3.97725708376842
300.0,65.0,3.2916709893873377
300.0,70.0,2.3452080849132315
300.0,75.0,1.6276609107030244
300.0,80.0,4.567274757654989
300.0,85.0,2.0325683694249213
300.0,90.0,2.767396012253789
305.0,-90.0,3.95366711916396
305.0,-85.0,8.824973276435808
305.0,-80.0,1.7113446416839169
305.0,-75.0,2.168550721540344
305.0,-70.0,1.822033169791334
305.0,-65.0,2.5943092300113433
305.0,-60.0,4.794517309463149
305.0,-55.0,5.778527497271464
305.0,-50.0,5.200446559687616
305.0,-45.0,4.657126626008805
305.0,-40.0,2.7881732072735166
305.0,-35.0,1.8427736013781122
305.0,-30.0,1.7014385335869633
305.0,-25.0,1.275743234693538
305.0,-20.0,1.2078130775961196
305.0,-15.0,1.29773498012485
305.0,-10.0,0.9257569568928075
305.0,-5.0,1.3587830132155638
305.0,0.0,2.296446309568651
305.0,5.0,2.3567554518110327
305.0,10.0,6.288753412291631
305.0,15.0,6.171582209106976
305.0,20.0,5.403316954112966
305.0,25.0,3.46170961725101
305.0,30.0,2.1761929818758547
305.0,35.0,3.2276956081297947
305.0,40.0,3.510910035174961
305.0,45.0,3.14126366007266
305.0,50.0,2.589437619051614
305.0,55.0,3.924625184455619
305.0,60.0,3.458886972821462
305.0,65.0,3.415742230699262
305.0,70.0,1.4710931401810987
305.0,75.0,7.05032335270512
305.0,80.0,6.38266925861938
305.0,85.0,1.9892701610793972
305.0,90.0,2.767396012253789
310.0,-90.0,3.95366711916396
310.0,-85.0,7.540250684507271
310.0,-80.0,4.316811542887758
310.0,-75.0,1.9943773882213989
310.0,-70.0,1.9735279698921717
310.0,-65.0,2.8557628263556407
310.0,-60.0,4.603942365558528
310.0,-55.0,5.712282280661619
310.0,-50.0,5.323586195901702
310.0,-45.0,5.017090330564993
310.0,-40.0,3.305527369654248
310.0,-35.0,1.6312197852776158
310.0,-30.0,2.238054978065871
310.0,-25.0,1.224227739131994
310.0,-20.0,1.1003575105729417
310.0,-15.0,1.1611527607424013
310.0,-10.0,1.055832595419752
310.0,-5.0,0.9412422314572814
310.0,0.0,2.5835229871127985
310.0,5.0,5.9341394108208405
310.0,10.0,6.087802827053511
310.0,15.0,6.086794245544688
310.0,20.0,5.097062343179795
310.0,25.0,3.502294341015123
310.0,30.0,2.4295469379402266
310.0,35.0,3.0730882109293294
310.0,40.0,3.343825398428787
310.0,45.0,3.0179796010573945
310.0,50.0,3.7981598212525847
310.0,55.0,3.9580621012100816
310.0,60.0,2.969001914060087
310.0,65.0,3.019430982563428
310.0,70.0,4.457894756730186
310.0,75.0,6.703653345508975
310.0,80.0,6.596743305949777
310.0,85.0,1.9504866556754692
310.0,90.0,2.767396012253789
315.0,-90.0,3.95366711916396
315.0,-85.0,7.498868523719859
315.0,-80.0,2.777718037390162
315.0,-75.0,2.0258524524693375
315.0,-70.0,2.1257519232302062
315.0,-65.0,2.9156761715555812
315.0,-60.0,4.594335994613728
315.0,-55.0,5.62571342480951
315.0,-50.0,5.491395513899594
315.0,-45.0,5.197422646901732
315.0,-40.0,2.975871834744852
315.0,-35.0,1.8967418949316632
315.0,-30.0,2.053918230659612
315.0,-25.0,3.0618264603895313
315.0,-20.0,1.1705207647713023
315.0,-15.0,1.546302359809659
315.0,-10.0,1.5582032846036922
315.0,-5.0,1.4987111519367347
315.0,0.0,6.0686057574192604
315.0,5.0,5.78399054594087
315.0,10.0,5.903126443890163
315.0,15.0,6.195166241329145
315.0,20.0,5.044570061109711
315.0,25.0,3.488473175943277
315.0,30.0,2.3438430772548386
315.0,35.0,3.113730547002938
315.0,40.0,3.8278208961735984
315.0,45.0,4.442715599579069
315.0,50.0,4.277555178462011
315.0,55.0,3.9218715634810533
315.0,60.0,2.269549253231882
315.0,65.0,4.006516399037524
315.0,70.0,5.876952359469736
315.0,75.0,5.158553007868183
315.0,80.0,5.945913153260018
315.0,85.0,1.9659008042637343
315.0,90.0,2.767396012253789
320.0,-90.0,3.95366711916396
320.0,-85.0,7.826417659695868
320.0,-80.0,2.476714346555959
320.0,-75.0,1.9300389862154592
320.0,-70.0,2.1353307764001497
320.0,-65.0,2.7463849548515724
320.0,-60.0,4.526641831168816
320.0,-55.0,5.377114739715787
320.0,-50.0,5.52378556029241
320.0,-45.0,5.266236552179829
320.0,-40.0,3.3713957043236515
320.0,-35.0,1.9133257066546239
320.0,-30.0,1.964431145109778
320.0,-25.0,3.5779817746354468
320.0,-20.0,2.4112138541160983
320.0,-15.0,1.7136074654407807
320.0,-10.0,4.223448373545688
320.0,-5.0,3.6845417849307776
320.0,0.0,6.18994145852534
320.0,5.0,5.454086166808337
320.0,10.0,5.631670847500107
320.0,15.0,6.372248118267099
320.0,20.0,5.27187592035036
320.0,25.0,3.493946759488207
320.0,30.0,2.2173398582070702
320.0,35.0,2.807618234744638
320.0,40.0,3.8134700832391104
320.0,45.0,4.611041649354905
320.0,50.0,4.051076258975402
320.0,55.0,4.211347107607957
320.0,60.0,4.260171322048506
320.0,65.0,3.90835188486967
320.0,70.0,3.830325634662094
320.0,75.0,4.129288953978947
320.0,80.0,5.559745285665532
320.0,85.0,2.010177539558914
320.0,90.0,2.767396012253789
325.0,-90.0,3.95366711916396
325.0,-85.0,7.934407111124852
325.0,-80.0,3.0942108238901045
325.0,-75.0,1.8205958802316697
325.0,-70.0,2.2285720606758717
325.0,-65.0,2.6907279429918898
325.0,-60.0,4.551089958186121
325.0,-55.0,5.210137942064171
325.0,-50.0,5.932150731401326
325.0,-45.0,5.188675964578523
325.0,-40.0,3.625249680411285
325.0,-35.0,2.4876957784145968
325.0,-30.0,2.3505766913622748
325.0,-25.0,3.2107967853654973
325.0,-20.0,4.324218271328815
325.0,-15.0,5.4830358671453885
325.0,-10.0,5.611121304235219
325.0,-5.0,7.314152081020137
325.0,0.0,5.207111500968712
325.0,5.0,5.0843668201130265
325.0,10.0,5.400175394919164
325.0,15.0,6.46167806378327
325.0,20.0,5.797410254550386
325.0,25.0,3.9163876437070955
325.0,30.0,2.419712638527997
325.0,35.0,2.80271345311362
325.0,40.0,3.6460553062279666
325.0,45.0,4.918579511161716
325.0,50.0,3.9747565474013116
325.0,55.0,4.243859977328235
325.0,60.0,3.7835170483335046
325.0,65.0,5.283466894160046
325.0,70.0,3.783403046912284
325.0,75.0,4.321604721805502
325.0,80.0,5.754905452934051
325.0,85.0,2.1028571865783467
325.0,90.0,2.767396012253789
330.0,-90.0,3.95366711916396
330.0,-85.0,7.378659525698667
330.0,-80.0,6.051334636695471
330.0,-75.0,2.092886574349468
330.0,-70.0,2.1485254507854528
330.0,-65.0,2.627733129156465
330.0,-60.0,4.560791736209874
330.0,-55.0,5.373626797747042
330.0,-50.0,5.989492338495489
330.0,-45.0,5.109381928319656
330.0,-40.0,4.259481994728574
330.0,-35.0,3.003952415367231
330.0,-30.0,2.0146464378661317
330.0,-25.0,2.690269052936563
330.0,-20.0,4.478849144680013
330.0,-15.0,6.090160224154953
330.0,-10.0,6.957483181090676
330.0,-5.0,6.507436086931963
330.0,0.0,4.656632507332609
330.0,5.0,4.5895960833098615
330.0,10.0,4.928427078910231
330.0,15.0,6.3615960926403305
330.0,20.0,6.279872259263101
330.0,25.0,4.518871996155668
330.0,30.0,2.781543373690276
330.0,35.0,2.304775626935086
330.0,40.0,3.3631411284641604
330.0,45.0,4.992578968229298
330.0,50.0,4.56408067051938
330.0,55.0,4.417700927245513
330.0,60.0,3.9370443274438554
330.0,65.0,4.251114601631792
330.0,70.0,2.2319490487944935
330.0,75.0,5.860095633585979
330.0,80.0,6.713063486945202
330.0,85.0,2.228675721775032
330.0,90.0,2.767396012253789
335.0,-90.0,3.95366711916396
335.0,-85.0,7.585647032226867
335.0,-80.0,6.739483270597527
335.0,-75.0,3.2369838692951007
335.0,-70.0,2.0429622897342714
335.0,-65.0,2.618206360170458
335.0,-60.0,4.685043270068125
335.0,-55.0,5.8989846124528915
335.0,-50.0,6.3081682087102235
335.0,-45.0,5.224963631231751
335.0,-40.0,4.570738085058406
335.0,-35.0,3.205347847133135
335.0,-30.0,1.8520342737788733
335.0,-25.0,2.6280845729101414
335.0,-20.0,4.742206131006225
335.0,-15.0,6.609315293153091
335.0,-10.0,7.279289975168461
335.0,-5.0,6.605312446645453
335.0,0.0,4.507416234923581
335.0,5.0,4.010338757740282
335.0,10.0,4.392407631511119
335.0,15.0,6.137827738679121
335.0,20.0,6.667292373701847
335.0,25.0,5.410538193573579
335.0,30.0,3.1318598854967483
335.0,35.0,2.513749242263634
335.0,40.0,3.2686791478900545
335.0,45.0,4.893805091974461
335.0,50.0,4.9860506914879075
335.0,55.0,4.463115951978919
335.0,60.0,3.834868386078737
335.0,65.0,4.158819330802973
335.0,70.0,1.0463410595443379
335.0,75.0,7.898252893780968
335.0,80.0,3.6868188172806176
335.0,85.0,2.2715714871623653
335.0,90.0,2.767396012253789
340.0,-90.0,3.95366711916396
340.0,-85.0,7.62824762980933
340.0,-80.0,8.056143696627059
340.0,-75.0,3.2093026194760466
340.0,-70.0,1.7723312834458118
340.0,-65.0,2.707036826424224
340.0,-60.0,4.481669719046945
340.0,-55.0,5.951959136218868
340.0,-50.0,6.35691108849435
340.0,-45.0,5.505269522741432
340.0,-40.0,4.810831367185087
340.0,-35.0,3.2220965907785097
340.0,-30.0,2.133687720703013
340.0,-25.0,2.99790976946988
340.0,-20.0,5.1950790405765135
340.0,-15.0,6.977499385487861
340.0,-10.0,7.413225498447151
340.0,-5.0,6.683598827245802
340.0,0.0,4.404423542828831
340.0,5.0,2.994496969599919
340.0,10.0,3.600807926608138
340.0,15.0,5.210406678219684
340.0,20.0,7.081136993318413
340.0,25.0,6.215337464237863
340.0,30.0,4.402080323594738
340.0,35.0,2.6854986923163024
340.0,40.0,3.0446185768294414
340.0,45.0,4.564655866567009
340.0,50.0,4.9328085890494275
340.0,55.0,4.13550478721455
340.0,60.0,3.7549261925596054
340.0,65.0,2.3983532858035352
340.0,70.0,3.62206361843614
340.0,75.0,1.7290502808459778
340.0,80.0,1.0450097994285483
340.0,85.0,2.3791674816229045
340.0,90.0,2.767396012253789
345.0,-90.0,3.95366711916396
345.0,-85.0,6.986273448057982
345.0,-80.0,6.7408307404571515
345.0,-75.0,6.870306404028288
345.0,-70.0,2.1874216541352047
345.0,-65.0,2.8922268623816785
345.0,-60.0,4.116758335180971
345.0,-55.0,5.95912884040354
345.0,-50.0,6.429879977975879
345.0,-45.0,5.408114982551939
345.0,-40.0,5.027210376642516
345.0,-35.0,3.3718939665974568
345.0,-30.0,2.0742199855975345
345.0,-25.0,3.2839395219702276
345.0,-20.0,5.719870589065337
345.0,-15.0,7.173637307922724
345.0,-10.0,7.378556098105629
345.0,-5.0,6.575653024392913
345.0,0.0,4.389008565309537
345.0,5.0,2.762265893623302
345.0,10.0,2.7507122266418946
345.0,15.0,2.171476923778631
345.0,20.0,3.798498127840491
345.0,25.0,5.880587953144917
345.0,30.0,5.274564673285247
345.0,35.0,3.367889830624447
345.0,40.0,3.4331377504513436
345.0,45.0,4.189059420215102
345.0,50.0,4.545280404847501
345.0,55.0,3.611736914914184
345.0,60.0,3.844410184091244
345.0,65.0,1.0770639734924066
345.0,70.0,3.4633985041441604
345.0,75.0,3.166989779445135
345.0,80.0,1.911445368743455
345.0,85.0,2.498841109983181
345.0,90.0,2.767396012253789
350.0,-90.0,3.95366711916396
350.0,-85.0,6.516207244846865
350.0,-80.0,5.873690055863733
350.0,-75.0,5.208696207572076
350.0,-70.0,3.211823573025575
350.0,-65.0,2.972382157688534
350.0,-60.0,4.313262441974588
350.0,-55.0,5.881124939197766
350.0,-50.0,6.38864018126299
350.0,-45.0,5.81391763988935
350.0,-40.0,5.278385154896452
350.0,-35.0,3.5951548628367562
350.0,-30.0,2.066480440780945
350.0,-25.0,3.623487235589341
350.0,-20.0,6.117259720469613
350.0,-15.0,7.2455585475493995
350.0,-10.0,7.2064859657079685
350.0,-5.0,6.348935282164916
350.0,0.0,4.336771370223489
350.0,5.0,3.149710400990044
350.0,10.0,1.4102422978643874
350.0,15.0,2.166855017642915
350.0,20.0,3.1410584523018747
350.0,25.0,3.6531728136092774
350.0,30.0,3.1756265456912165
350.0,35.0,4.589797404712537
350.0,40.0,3.717211959533864
350.0,45.0,4.009119515605547
350.0,50.0,4.212254305361257
350.0,55.0,3.2530913952778846
350.0,60.0,3.3541962305549604
350.0,65.0,3.59359845335899
350.0,70.0,3.2945859767917756
350.0,75.0,3.5546967375742633
350.0,80.0,3.3832304410955505
350.0,85.0,2.5622759859737196
350.0,90.0,2.767396012253789
355.0,-90.0,3.95366711916396
355.0,-85.0,6.134456591291348
355.0,-80.0,5.9382760076760865
355.0,-75.0,5.071725058967792
355.0,-70.0,4.016218816911501
355.0,-65.0,2.8458842633047308
355.0,-60.0,4.547138591343451
355.0,-55.0,5.875521759986412
355.0,-50.0,6.667957464043376
355.0,-45.0,6.4767443491137655
355.0,-40.0,5.626695895378668
355.0,-35.0,3.445804511186438
355.0,-30.0,1.9625433029426294
355.0,-25.0,4.276236000855416
355.0,-20.0,6.657071001286897
355.0,-15.0,7.1737204456388595
355.0,-10.0,6.809130118497077
355.0,-5.0,5.923067272584677
355.0,0.0,4.533844268432676
355.0,5.0,3.542464250359668
355.0,10.0,1.4501481176061752
355.0,15.0,2.429449288797516
355.0,20.0,2.565682225219035
355.0,25.0,2.652282690007452
355.0,30.0,1.136452845146203
355.0,35.0,0.38061086543978767
355.0,40.0,0.9836608145425364
355.0,45.0,3.5752919268947445
355.0,50.0,3.2276467034193033
355.0,55.0,2.3185505895132383
355.0,60.0,3.0418949120127348
355.0,65.0,3.2822632433109074
355.0,70.0,3.2920531197095433
355.0,75.0,3.3618377069090672
355.0,80.0,3.6673725898648395
355.0,85.0,2.639433822936199
355.0,90.0,2.767396012253789
