,lat,long,irr_data
0,-34.0,-56.0,114.47861415525114
1,-34.0,-54.0,104.37697716894976
2,-32.0,-60.0,121.05449086757991
3,-32.0,-58.0,119.48178310502283
4,-32.0,-56.0,110.6712848173516
5,-32.0,-54.0,106.79545605022832
6,-32.0,-52.0,108.94206621004567
7,-32.0,20.0,188.86747602739726
8,-32.0,22.0,186.7773350456621
9,-32.0,24.0,170.6070348173516
10,-32.0,26.0,165.72929965753426
11,-32.0,28.0,124.33983618721462
12,-30.0,-60.0,122.20434589041093
13,-30.0,-58.0,119.05578595890411
14,-30.0,-56.0,116.28718150684931
15,-30.0,-54.0,110.44589155251141
16,-30.0,-52.0,101.81087728310503
17,-30.0,18.0,198.80206449771686
18,-30.0,20.0,197.50083847031962
19,-30.0,22.0,193.51153025114155
20,-30.0,24.0,186.47996232876713
21,-30.0,26.0,176.26146860730594
22,-30.0,28.0,169.913301369863
23,-30.0,30.0,113.18551712328767
24,-30.0,116.0,168.92399885844748
25,-28.0,-62.0,117.49376198630137
26,-28.0,-60.0,119.76818550228312
27,-28.0,-58.0,120.30868378995434
28,-28.0,-56.0,110.47839383561643
29,-28.0,-54.0,111.06202054794521
30,-28.0,-52.0,107.66111472602739
31,-28.0,-50.0,93.4419600456621
32,-28.0,16.0,192.29385159817352
33,-28.0,18.0,205.39834474885845
34,-28.0,20.0,200.1171021689498
35,-28.0,22.0,190.7837665525114
36,-28.0,24.0,177.04152682648402
37,-28.0,26.0,181.99212728310502
38,-28.0,28.0,163.270404109589
39,-28.0,30.0,149.4245502283105
40,-28.0,32.0,111.50299315068493
41,-28.0,116.0,180.19775171232877
42,-26.0,-62.0,109.91317294520549
43,-26.0,-60.0,115.03006792237443
44,-26.0,-58.0,117.84378253424659
45,-26.0,-56.0,110.19214783105024
46,-26.0,-54.0,107.96624942922374
47,-26.0,-52.0,102.46379680365297
48,-26.0,-50.0,85.3352305936073
49,-26.0,16.0,214.6491107305936
50,-26.0,18.0,204.5803076484018
51,-26.0,20.0,195.8085
52,-26.0,22.0,189.48056506849315
53,-26.0,24.0,182.56078538812787
54,-26.0,26.0,170.69574200913243
55,-26.0,28.0,159.97536015981734
56,-26.0,30.0,151.85292066210044
57,-26.0,32.0,123.80843093607305
58,-26.0,116.0,193.56401655251142
59,-24.0,-62.0,101.87113755707763
60,-24.0,-60.0,112.0292294520548
61,-24.0,-58.0,118.4346997716895
62,-24.0,-56.0,116.37157305936073
63,-24.0,-54.0,119.40269691780823
64,-24.0,-52.0,121.73067522831049
65,-24.0,-50.0,116.22584303652968
66,-24.0,-48.0,80.80732648401826
67,-24.0,16.0,207.99778595890407
68,-24.0,18.0,198.2928595890411
69,-24.0,20.0,190.29186015981736
70,-24.0,22.0,185.74304052511414
71,-24.0,24.0,183.51586643835617
72,-24.0,26.0,174.14794577625568
73,-24.0,28.0,162.88341894977168
74,-24.0,30.0,123.59621803652966
75,-24.0,32.0,141.16875228310502
76,-24.0,34.0,145.2945439497717
77,-24.0,44.0,187.53943550228308
78,-24.0,46.0,175.0970154109589
79,-24.0,114.0,203.55193150684931
80,-24.0,116.0,198.9881455479452
81,-22.0,-64.0,94.10807363013699
82,-22.0,-60.0,113.44376826484019
83,-22.0,-58.0,120.96405936073059
84,-22.0,-56.0,115.87958675799086
85,-22.0,-54.0,126.96796347031965
86,-22.0,-52.0,131.11889611872147
87,-22.0,-50.0,133.98069349315068
88,-22.0,-48.0,130.07165867579909
89,-22.0,-46.0,132.8927950913242
90,-22.0,-44.0,107.91268778538813
91,-22.0,-42.0,129.55838984018263
92,-22.0,16.0,199.21802226027395
93,-22.0,18.0,185.3452317351598
94,-22.0,20.0,185.38925171232873
95,-22.0,22.0,184.56157876712328
96,-22.0,24.0,184.6071969178082
97,-22.0,26.0,181.4170901826484
98,-22.0,28.0,163.98368207762556
99,-22.0,30.0,166.41938926940637
100,-22.0,32.0,151.86602682648402
101,-22.0,34.0,149.23369235159817
102,-22.0,44.0,186.8676015981735
103,-22.0,46.0,195.79801712328765
104,-22.0,48.0,154.19467751141553
105,-22.0,114.0,204.3344098173516
106,-22.0,116.0,198.56130764840182
107,-20.0,-64.0,99.25370719178082
108,-20.0,-62.0,104.29699257990868
109,-20.0,-60.0,115.18691609589041
110,-20.0,-58.0,128.06993607305938
111,-20.0,-56.0,131.50978710045663
112,-20.0,-54.0,130.98169634703194
113,-20.0,-52.0,139.54139383561642
114,-20.0,-50.0,149.8308156392694
115,-20.0,-48.0,146.92666267123286
116,-20.0,-46.0,146.01894805936075
117,-20.0,-44.0,135.46869805936072
118,-20.0,-42.0,118.29733162100456
119,-20.0,14.0,205.6695593607306
120,-20.0,16.0,184.32428025114157
121,-20.0,18.0,181.6319937214612
122,-20.0,20.0,182.3959160958904
123,-20.0,22.0,183.7164497716895
124,-20.0,24.0,181.18583047945205
125,-20.0,26.0,186.27835502283105
126,-20.0,28.0,174.94120148401828
127,-20.0,30.0,168.49455878995434
128,-20.0,32.0,167.99830136986301
129,-20.0,34.0,143.17494748858448
130,-20.0,46.0,187.74573687214613
131,-20.0,48.0,128.03960787671232
132,-18.0,-70.0,217.30597146118723
133,-18.0,-68.0,216.2576484018265
134,-18.0,-66.0,192.75238755707764
135,-18.0,-64.0,82.21910730593609
136,-18.0,-62.0,124.44604965753425
137,-18.0,-60.0,128.1614200913242
138,-18.0,-58.0,135.69677283105023
139,-18.0,-56.0,143.74809988584474
140,-18.0,-54.0,141.53907363013698
141,-18.0,-52.0,140.47758561643835
142,-18.0,-50.0,161.5452973744292
143,-18.0,-48.0,164.2175462328767
144,-18.0,-46.0,164.15066780821917
145,-18.0,-44.0,175.16825285388128
146,-18.0,-42.0,153.1555930365297
147,-18.0,-40.0,133.65075057077627
148,-18.0,12.0,211.41126655251142
149,-18.0,14.0,196.56301997716898
150,-18.0,16.0,199.42880308219176
151,-18.0,18.0,182.45626541095888
152,-18.0,20.0,182.08049828767122
153,-18.0,22.0,179.89256107305937
154,-18.0,24.0,185.13898515981737
155,-18.0,26.0,181.71065296803653
156,-18.0,28.0,174.35073059360732
157,-18.0,30.0,174.62968264840183
158,-18.0,32.0,162.32549143835615
159,-18.0,34.0,145.22976484018264
160,-18.0,36.0,139.82460502283104
161,-18.0,46.0,174.62507762557078
162,-18.0,48.0,125.27712671232875
163,-16.0,-74.0,144.7708184931507
164,-16.0,-72.0,196.14174372146118
165,-16.0,-70.0,201.86759760273972
166,-16.0,-68.0,62.776624999999996
167,-16.0,-66.0,117.71646746575342
168,-16.0,-64.0,120.69224257990867
169,-16.0,-62.0,121.83579794520546
170,-16.0,-60.0,132.8042226027397
171,-16.0,-58.0,135.58732933789955
172,-16.0,-56.0,138.1559006849315
173,-16.0,-54.0,146.8951660958904
174,-16.0,-52.0,157.15192465753424
175,-16.0,-50.0,157.8298978310502
176,-16.0,-48.0,160.7665941780822
177,-16.0,-46.0,180.0050616438356
178,-16.0,-44.0,186.63836244292236
179,-16.0,-42.0,153.0023533105023
180,-16.0,-40.0,149.55249086757988
181,-16.0,12.0,192.4213926940639
182,-16.0,14.0,189.90913356164384
183,-16.0,16.0,183.6326329908676
184,-16.0,18.0,178.4768116438356
185,-16.0,20.0,173.85759360730594
186,-16.0,22.0,178.45907191780825
187,-16.0,24.0,174.19281107305935
188,-16.0,26.0,177.99000285388126
189,-16.0,28.0,169.07197431506847
190,-16.0,30.0,172.15740011415525
191,-16.0,32.0,163.3545165525114
192,-16.0,34.0,152.85070148401826
193,-16.0,36.0,145.070725456621
194,-16.0,38.0,142.5088989726027
195,-16.0,40.0,178.95800970319635
196,-16.0,46.0,180.72708162100454
197,-16.0,48.0,171.44410273972602
198,-14.0,-76.0,194.94591837899543
199,-14.0,-74.0,152.11073915525117
200,-14.0,-72.0,166.32642465753423
201,-14.0,-70.0,147.1216558219178
202,-14.0,-68.0,112.89861757990867
203,-14.0,-66.0,123.60423059360731
204,-14.0,-64.0,117.81595547945206
205,-14.0,-62.0,121.6523812785388
206,-14.0,-60.0,126.843953196347
207,-14.0,-58.0,131.10173458904111
208,-14.0,-56.0,129.64473401826484
209,-14.0,-54.0,148.9313321917808
210,-14.0,-52.0,156.98846347031963
211,-14.0,-50.0,161.18422831050228
212,-14.0,-48.0,163.90072888127855
213,-14.0,-46.0,168.59274143835617
214,-14.0,-44.0,196.0215747716895
215,-14.0,-42.0,189.16183047945202
216,-14.0,-40.0,139.9415102739726
217,-14.0,14.0,184.60695947488585
218,-14.0,16.0,168.11729394977166
219,-14.0,18.0,160.18543436073057
220,-14.0,20.0,162.48132705479452
221,-14.0,22.0,170.29447260273972
222,-14.0,24.0,166.66176255707762
223,-14.0,26.0,166.58068892694064
224,-14.0,28.0,169.32501769406392
225,-14.0,30.0,162.41449714611872
226,-14.0,32.0,164.65830707762555
227,-14.0,34.0,155.09038755707763
228,-14.0,36.0,143.5721575342466
229,-14.0,38.0,148.36362499999998
230,-14.0,40.0,147.47975570776254
231,-14.0,48.0,180.1741609589041
232,-14.0,50.0,159.48419178082193
233,-12.0,-76.0,112.84213127853882
234,-12.0,-74.0,112.88070719178081
235,-12.0,-72.0,78.33163812785386
236,-12.0,-70.0,119.34637271689499
237,-12.0,-68.0,119.3447448630137
238,-12.0,-66.0,121.14053824200913
239,-12.0,-64.0,115.11545034246575
240,-12.0,-62.0,117.77742237442922
241,-12.0,-60.0,126.6966712328767
242,-12.0,-58.0,132.99977910958904
243,-12.0,-56.0,143.14958732876715
244,-12.0,-54.0,148.43575285388127
245,-12.0,-52.0,145.5466392694064
246,-12.0,-50.0,157.34605079908673
247,-12.0,-48.0,160.62850000000003
248,-12.0,-46.0,177.8708841324201
249,-12.0,-44.0,192.3714434931507
250,-12.0,-42.0,153.65942408675798
251,-12.0,-40.0,147.3562425799087
252,-12.0,-38.0,144.26146746575344
253,-12.0,14.0,123.90911815068493
254,-12.0,16.0,148.7714560502283
255,-12.0,18.0,153.38533732876712
256,-12.0,20.0,149.20610901826487
257,-12.0,22.0,158.67270776255708
258,-12.0,24.0,147.86838755707763
259,-12.0,26.0,151.70935787671232
260,-12.0,28.0,166.53378481735157
261,-12.0,30.0,176.90089897260273
262,-12.0,32.0,174.95731335616438
263,-12.0,34.0,157.93627397260275
264,-12.0,36.0,139.88375799086754
265,-12.0,38.0,147.06039269406392
266,-12.0,40.0,146.27721175799087
267,-10.0,-78.0,165.23720890410962
268,-10.0,-76.0,95.18543607305935
269,-10.0,-74.0,117.78230764840181
270,-10.0,-72.0,109.32427796803654
271,-10.0,-70.0,112.23599942922374
272,-10.0,-68.0,114.10008447488585
273,-10.0,-66.0,114.78375684931507
274,-10.0,-64.0,110.90987442922375
275,-10.0,-62.0,121.64973744292237
276,-10.0,-60.0,123.57937385844748
277,-10.0,-58.0,126.35173972602739
278,-10.0,-56.0,143.12121974885846
279,-10.0,-54.0,143.25315810502283
280,-10.0,-52.0,141.3370730593607
281,-10.0,-50.0,148.29623858447488
282,-10.0,-48.0,155.32527111872147
283,-10.0,-46.0,173.89096632420092
284,-10.0,-44.0,182.79610388127853
285,-10.0,-42.0,157.66232990867582
286,-10.0,-40.0,161.70577910958903
287,-10.0,-38.0,165.07078367579908
288,-10.0,14.0,105.54735388127854
289,-10.0,16.0,151.42234360730595
290,-10.0,18.0,138.03172602739724
291,-10.0,20.0,144.87755308219178
292,-10.0,22.0,141.99627796803657
293,-10.0,24.0,145.01418036529677
294,-10.0,26.0,139.61650856164383
295,-10.0,28.0,155.25814611872144
296,-10.0,30.0,154.6729988584475
297,-10.0,32.0,165.93216438356166
298,-10.0,34.0,181.62641952054796
299,-10.0,36.0,124.23930878995434
300,-10.0,38.0,131.90405079908678
301,-8.0,-78.0,116.96715525114156
302,-8.0,-76.0,96.36000057077625
303,-8.0,-74.0,113.36771746575342
304,-8.0,-72.0,114.87052910958904
305,-8.0,-70.0,112.31067579908677
306,-8.0,-68.0,111.37416723744293
307,-8.0,-66.0,110.22323059360731
308,-8.0,-64.0,114.30477625570778
309,-8.0,-62.0,122.09396232876713
310,-8.0,-60.0,115.73725342465752
311,-8.0,-58.0,126.91620262557078
312,-8.0,-56.0,128.6586872146119
313,-8.0,-54.0,132.3002694063927
314,-8.0,-52.0,122.18772602739726
315,-8.0,-50.0,138.96918264840184
316,-8.0,-48.0,146.53128995433792
317,-8.0,-46.0,156.09434531963473
318,-8.0,-44.0,169.0123801369863
319,-8.0,-42.0,183.03509988584477
320,-8.0,-40.0,165.76377111872145
321,-8.0,-38.0,184.31881335616438
322,-8.0,-36.0,141.30800285388128
323,-8.0,14.0,95.73186187214611
324,-8.0,16.0,134.42064726027397
325,-8.0,18.0,129.10374543378995
326,-8.0,20.0,133.092674086758
327,-8.0,22.0,129.13892351598173
328,-8.0,24.0,133.71884132420092
329,-8.0,26.0,152.9511638127854
330,-8.0,28.0,152.31772545662102
331,-8.0,30.0,145.33146803652969
332,-8.0,32.0,190.71203424657537
333,-8.0,34.0,159.86196860730593
334,-8.0,36.0,100.71528881278537
335,-8.0,38.0,129.6378270547945
336,-8.0,112.0,136.56664668949773
337,-8.0,114.0,95.62054680365297
338,-6.0,-80.0,148.85883904109588
339,-6.0,-78.0,52.93879166666667
340,-6.0,-76.0,117.16370776255708
341,-6.0,-74.0,106.6373493150685
342,-6.0,-72.0,107.7355941780822
343,-6.0,-70.0,107.64505022831051
344,-6.0,-68.0,113.46694349315068
345,-6.0,-66.0,112.6986894977169
346,-6.0,-64.0,115.72178424657535
347,-6.0,-62.0,114.1182808219178
348,-6.0,-60.0,111.65136130136987
349,-6.0,-58.0,117.14474429223743
350,-6.0,-56.0,121.11036643835617
351,-6.0,-54.0,124.50166267123286
352,-6.0,-52.0,120.48356449771688
353,-6.0,-50.0,111.42873230593607
354,-6.0,-48.0,134.5306261415525
355,-6.0,-46.0,142.24362100456622
356,-6.0,-44.0,151.51612557077627
357,-6.0,-42.0,169.94260502283106
358,-6.0,-40.0,178.73224486301368
359,-6.0,-38.0,188.78301769406391
360,-6.0,-36.0,173.33384646118722
361,-6.0,14.0,88.30963584474885
362,-6.0,16.0,125.4701997716895
363,-6.0,18.0,116.69866038812786
364,-6.0,20.0,125.59948972602737
365,-6.0,22.0,120.12352739726029
366,-6.0,24.0,122.11923858447489
367,-6.0,26.0,127.02100799086759
368,-6.0,28.0,129.54869977168948
369,-6.0,30.0,125.61623801369862
370,-6.0,32.0,170.14423173515982
371,-6.0,34.0,166.53912499999998
372,-6.0,36.0,174.0537631278539
373,-6.0,38.0,117.00505194063926
374,-6.0,106.0,122.44147888127851
375,-4.0,-80.0,74.70428196347032
376,-4.0,-78.0,54.570750000000004
377,-4.0,-76.0,92.32519178082191
378,-4.0,-74.0,97.99508447488584
379,-4.0,-72.0,100.48626484018266
380,-4.0,-70.0,99.49712785388128
381,-4.0,-68.0,107.64565068493151
382,-4.0,-66.0,108.75516894977169
383,-4.0,-64.0,112.0708635844749
384,-4.0,-62.0,127.27911415525115
385,-4.0,-60.0,106.6938966894977
386,-4.0,-58.0,116.03421175799087
387,-4.0,-56.0,122.77088584474886
388,-4.0,-54.0,108.53350799086758
389,-4.0,-52.0,111.46551255707763
390,-4.0,-50.0,122.55098915525114
391,-4.0,-48.0,118.92330821917807
392,-4.0,-46.0,126.0830348173516
393,-4.0,-44.0,155.39605993150684
394,-4.0,-42.0,186.77409474885846
395,-4.0,-40.0,172.56554052511413
396,-4.0,12.0,68.17580022831051
397,-4.0,14.0,91.08687671232877
398,-4.0,16.0,110.5592642694064
399,-4.0,18.0,118.74279623287671
400,-4.0,20.0,111.0510850456621
401,-4.0,22.0,112.31377397260275
402,-4.0,24.0,111.54341152968038
403,-4.0,26.0,111.90170776255707
404,-4.0,28.0,123.58373344748857
405,-4.0,30.0,134.2467203196347
406,-4.0,32.0,156.7257979452055
407,-4.0,34.0,182.67229109589042
408,-4.0,36.0,136.34430136986302
409,-4.0,38.0,131.95931221461186
410,-4.0,104.0,118.83786529680364
411,-2.0,-80.0,93.3884252283105
412,-2.0,-78.0,70.3756803652968
413,-2.0,-76.0,87.99600742009132
414,-2.0,-74.0,96.15633047945205
415,-2.0,-72.0,101.16061187214613
416,-2.0,-70.0,96.91177168949771
417,-2.0,-68.0,105.20302397260274
418,-2.0,-66.0,114.22014726027398
419,-2.0,-64.0,112.8546649543379
420,-2.0,-62.0,118.3550644977169
421,-2.0,-60.0,112.70579223744292
422,-2.0,-58.0,120.64691837899542
423,-2.0,-56.0,130.77414783105021
424,-2.0,-54.0,148.2774931506849
425,-2.0,-52.0,129.23662614155253
426,-2.0,-50.0,137.3167562785388
427,-2.0,-48.0,130.54903881278537
428,-2.0,-46.0,121.66854737442924
429,-2.0,10.0,74.49153139269407
430,-2.0,12.0,65.93995833333334
431,-2.0,14.0,92.42379166666666
432,-2.0,16.0,111.79590296803653
433,-2.0,18.0,109.22143493150685
434,-2.0,20.0,108.37585844748858
435,-2.0,22.0,105.12336700913241
436,-2.0,24.0,99.84088127853882
437,-2.0,26.0,95.51794292237442
438,-2.0,28.0,94.63720091324201
439,-2.0,30.0,124.2274960045662
440,-2.0,32.0,136.95931449771692
441,-2.0,34.0,159.77611472602737
442,-2.0,36.0,196.26535901826486
443,-2.0,38.0,147.52379566210044
444,-2.0,40.0,148.52568493150685
445,-2.0,102.0,104.6960890410959
446,-2.0,104.0,97.36359817351598
447,-2.0,106.0,104.02869863013697
448,-2.0,112.0,106.02667351598174
449,-2.0,114.0,98.61913242009133
450,-2.0,116.0,101.13715525114155
451,0.0,-80.0,51.0715747716895
452,0.0,-78.0,58.75346232876712
453,0.0,-76.0,84.89977739726027
454,0.0,-74.0,93.67962728310502
455,0.0,-72.0,101.42211529680365
456,0.0,-70.0,99.31419178082193
457,0.0,-68.0,104.8523533105023
458,0.0,-66.0,116.31478710045661
459,0.0,-64.0,121.56337728310503
460,0.0,-62.0,120.35271575342466
461,0.0,-60.0,130.34007305936075
462,0.0,-58.0,134.0763299086758
463,0.0,-56.0,139.12103710045662
464,0.0,-54.0,137.52011472602737
465,0.0,-52.0,124.81274942922376
466,0.0,-50.0,136.9832317351598
467,0.0,10.0,83.0292694063927
468,0.0,12.0,85.24213527397261
469,0.0,14.0,97.67535616438357
470,0.0,16.0,114.5594589041096
471,0.0,18.0,113.4093567351598
472,0.0,20.0,112.09994235159817
473,0.0,22.0,109.67992123287671
474,0.0,24.0,110.69191552511415
475,0.0,26.0,105.54328367579907
476,0.0,28.0,114.55836301369862
477,0.0,30.0,135.5989520547945
478,0.0,32.0,132.87860045662097
479,0.0,34.0,180.29549942922375
480,0.0,36.0,171.84595262557076
481,0.0,38.0,176.39054452054793
482,0.0,40.0,164.37392351598174
483,0.0,42.0,162.5612305936073
484,0.0,100.0,116.34903424657534
485,0.0,102.0,100.35832191780823
486,0.0,110.0,109.87254794520548
487,0.0,112.0,105.6262654109589
488,0.0,114.0,97.10686301369861
489,0.0,116.0,102.07379851598174
490,2.0,-78.0,79.05230536529682
491,2.0,-76.0,74.7464303652968
492,2.0,-74.0,102.87431906392693
493,2.0,-72.0,105.95559075342466
494,2.0,-70.0,99.82377226027397
495,2.0,-68.0,110.62428139269406
496,2.0,-66.0,124.33663127853883
497,2.0,-64.0,117.87343721461188
498,2.0,-62.0,129.37515125570775
499,2.0,-60.0,124.00699999999998
500,2.0,-58.0,127.59126997716896
501,2.0,-56.0,142.87994520547943
502,2.0,-54.0,134.71433219178084
503,2.0,-52.0,126.49171974885846
504,2.0,10.0,83.30904509132421
505,2.0,12.0,96.16883390410959
506,2.0,14.0,99.15844292237442
507,2.0,16.0,121.60255308219178
508,2.0,18.0,121.08904794520546
509,2.0,20.0,127.65279109589041
510,2.0,22.0,118.9750410958904
511,2.0,24.0,118.83375856164385
512,2.0,26.0,123.5504805936073
513,2.0,28.0,117.62678481735159
514,2.0,30.0,113.7911312785388
515,2.0,32.0,147.448125
516,2.0,34.0,175.23907305936075
517,2.0,36.0,200.1914805936073
518,2.0,38.0,181.06534075342466
519,2.0,40.0,163.54245719178084
520,2.0,42.0,161.61409589041097
521,2.0,44.0,165.3505576484018
522,2.0,100.0,107.32556278538812
523,2.0,104.0,108.24033276255707
524,2.0,112.0,98.92799257990868
525,2.0,114.0,98.80415867579909
526,2.0,116.0,107.87940410958903
527,4.0,-76.0,51.562974315068494
528,4.0,-74.0,30.99051369863013
529,4.0,-72.0,107.43828938356165
530,4.0,-70.0,108.90588584474887
531,4.0,-68.0,129.2944006849315
532,4.0,-66.0,140.090924086758
533,4.0,-64.0,107.77956621004566
534,4.0,-62.0,153.6965707762557
535,4.0,-60.0,140.6707614155251
536,4.0,-58.0,129.63671803652966
537,4.0,-56.0,133.76340239726028
538,4.0,-54.0,134.52613184931505
539,4.0,-52.0,112.79263869863014
540,4.0,10.0,91.68470319634703
541,4.0,12.0,109.40172146118722
542,4.0,14.0,115.8186894977169
543,4.0,16.0,128.54393835616438
544,4.0,18.0,133.7302694063927
545,4.0,20.0,130.0367151826484
546,4.0,22.0,132.3059680365297
547,4.0,24.0,134.787600456621
548,4.0,26.0,140.0190205479452
549,4.0,28.0,147.83238926940638
550,4.0,30.0,145.28864269406392
551,4.0,32.0,151.9389275114155
552,4.0,34.0,161.4102385844749
553,4.0,36.0,194.270176369863
554,4.0,38.0,183.7079794520548
555,4.0,40.0,151.35164497716897
556,4.0,42.0,179.56559589041098
557,4.0,44.0,177.59986015981735
558,4.0,46.0,177.4250542237443
559,4.0,98.0,101.88750057077625
560,4.0,102.0,109.67714840182649
561,4.0,108.0,101.37544920091325
562,4.0,114.0,107.634473173516
563,4.0,116.0,97.63396632420091
564,6.0,-76.0,98.89000684931507
565,6.0,-74.0,87.00542751141552
566,6.0,-72.0,62.23447317351598
567,6.0,-70.0,128.53232191780825
568,6.0,-68.0,144.73817694063925
569,6.0,-66.0,110.93329280821918
570,6.0,-64.0,120.979073630137
571,6.0,-62.0,141.94771575342466
572,6.0,-60.0,116.65050285388128
573,6.0,-58.0,114.02171860730594
574,6.0,-10.0,96.01921232876713
575,6.0,-8.0,115.43089497716895
576,6.0,-6.0,104.09659817351597
577,6.0,-4.0,106.60694235159816
578,6.0,-2.0,111.58894406392695
579,6.0,0.0,122.61763527397261
580,6.0,6.0,104.85066152968037
581,6.0,8.0,112.4192100456621
582,6.0,10.0,120.9168184931507
583,6.0,12.0,141.81459703196347
584,6.0,14.0,136.78559931506848
585,6.0,16.0,145.516549086758
586,6.0,18.0,149.6794320776256
587,6.0,20.0,143.39682876712328
588,6.0,22.0,143.1058966894977
589,6.0,24.0,149.2578401826484
590,6.0,26.0,155.5458710045662
591,6.0,28.0,159.32925171232878
592,6.0,30.0,154.11961643835616
593,6.0,32.0,147.35850970319638
594,6.0,34.0,148.07797488584472
595,6.0,36.0,157.40937442922376
596,6.0,38.0,153.55053253424657
597,6.0,40.0,159.82651484018263
598,6.0,42.0,169.35853595890413
599,6.0,44.0,181.58433390410957
600,6.0,46.0,185.57979965753427
601,6.0,48.0,190.67294748858444
602,6.0,102.0,121.43350799086758
603,8.0,-78.0,84.2048647260274
604,8.0,-76.0,81.2442910958904
605,8.0,-74.0,137.23398287671236
606,8.0,-72.0,85.03465410958904
607,8.0,-70.0,136.90268550228313
608,8.0,-68.0,156.45235273972602
609,8.0,-66.0,166.73100799086757
610,8.0,-64.0,163.98517465753426
611,8.0,-62.0,151.02940981735162
612,8.0,-60.0,111.80777226027396
613,8.0,-12.0,120.0541312785388
614,8.0,-10.0,125.99944977168948
615,8.0,-8.0,135.6795079908676
616,8.0,-6.0,124.99986015981737
617,8.0,-4.0,115.45624372146119
618,8.0,-2.0,130.23245148401827
619,8.0,0.0,134.4827140410959
620,8.0,2.0,127.33089326484018
621,8.0,4.0,112.48808105022832
622,8.0,6.0,120.67565011415526
623,8.0,8.0,136.39989497716894
624,8.0,10.0,137.76246461187216
625,8.0,12.0,164.08318778538813
626,8.0,14.0,149.66135273972606
627,8.0,16.0,166.45028481735162
628,8.0,18.0,162.2490011415525
629,8.0,20.0,158.4821506849315
630,8.0,22.0,154.9863162100457
631,8.0,24.0,162.83832248858445
632,8.0,26.0,166.2456324200913
633,8.0,28.0,164.97120947488585
634,8.0,30.0,156.57458561643836
635,8.0,32.0,138.74613127853883
636,8.0,34.0,135.79915981735158
637,8.0,36.0,118.26838127853881
638,8.0,38.0,104.04515582191782
639,8.0,40.0,165.98983105022833
640,8.0,42.0,203.35886073059362
641,8.0,44.0,187.32260102739727
642,8.0,46.0,187.75036986301373
643,8.0,48.0,196.0610273972603
644,8.0,80.0,144.68314269406395
645,8.0,100.0,120.454549086758
646,10.0,-84.0,100.04720662100456
647,10.0,-74.0,169.64162728310504
648,10.0,-70.0,153.71696004566212
649,10.0,-68.0,126.86747203196346
650,10.0,-66.0,133.5466289954338
651,10.0,-64.0,137.63073915525112
652,10.0,-12.0,143.2883093607306
653,10.0,-10.0,151.21068321917807
654,10.0,-8.0,159.2774617579909
655,10.0,-6.0,154.75844235159818
656,10.0,-4.0,151.52986529680368
657,10.0,-2.0,154.1456689497717
658,10.0,0.0,150.1622385844749
659,10.0,2.0,151.92302796803654
660,10.0,4.0,150.3509857305936
661,10.0,6.0,144.66094006849315
662,10.0,8.0,146.9945530821918
663,10.0,10.0,163.26358618721463
664,10.0,12.0,166.98235616438356
665,10.0,14.0,173.35231506849314
666,10.0,16.0,170.00263812785388
667,10.0,18.0,170.05828025114158
668,10.0,20.0,171.51775799086758
669,10.0,22.0,170.7402265981735
670,10.0,24.0,174.8348955479452
671,10.0,26.0,172.2311906392694
672,10.0,28.0,164.03145490867578
673,10.0,30.0,160.02175570776254
674,10.0,32.0,156.86567579908677
675,10.0,34.0,146.81745034246578
676,10.0,36.0,152.7570256849315
677,10.0,38.0,189.10310388127854
678,10.0,40.0,181.96912271689496
679,10.0,42.0,204.19519920091324
680,10.0,44.0,195.4929029680365
681,10.0,46.0,196.57347260273974
682,10.0,48.0,212.4200565068493
683,10.0,50.0,208.9481649543379
684,10.0,78.0,156.24802625570777
685,10.0,106.0,129.27845319634704
686,12.0,-86.0,174.5403065068493
687,12.0,-84.0,103.2055091324201
688,12.0,-72.0,189.0967163242009
689,12.0,-70.0,177.41186643835616
690,12.0,-16.0,156.28172317351599
691,12.0,-14.0,153.61322374429224
692,12.0,-12.0,159.70174143835618
693,12.0,-10.0,160.96879052511414
694,12.0,-8.0,167.66089383561643
695,12.0,-6.0,166.97377340182646
696,12.0,-4.0,170.2926078767123
697,12.0,-2.0,172.02768207762557
698,12.0,0.0,172.65050742009132
699,12.0,2.0,166.17786358447492
700,12.0,4.0,168.26214954337902
701,12.0,6.0,169.36186586757992
702,12.0,8.0,175.33950570776256
703,12.0,10.0,178.597125
704,12.0,12.0,180.86118493150687
705,12.0,14.0,177.40454452054792
706,12.0,16.0,177.08952283105023
707,12.0,18.0,177.37683219178084
708,12.0,20.0,179.35376826484017
709,12.0,22.0,180.27621689497718
710,12.0,24.0,184.00987557077622
711,12.0,26.0,181.8144138127854
712,12.0,28.0,182.34869863013697
713,12.0,30.0,169.34396118721463
714,12.0,32.0,171.0534628995434
715,12.0,34.0,165.0481632420091
716,12.0,36.0,169.88723173515984
717,12.0,38.0,160.685299086758
718,12.0,40.0,180.8688670091324
719,12.0,42.0,179.26160787671233
720,12.0,76.0,118.26433447488586
721,12.0,78.0,143.13384474885848
722,12.0,104.0,117.42789212328766
723,12.0,106.0,132.84551255707763
724,12.0,108.0,119.64925228310503
725,14.0,-90.0,174.24201198630138
726,14.0,-88.0,143.705799086758
727,14.0,-86.0,114.16668150684932
728,14.0,-84.0,108.3298544520548
729,14.0,-16.0,170.02452340182649
730,14.0,-14.0,168.83942579908677
731,14.0,-12.0,166.64564726027396
732,14.0,-10.0,169.28594920091325
733,14.0,-8.0,175.8903944063927
734,14.0,-6.0,178.63588926940642
735,14.0,-4.0,179.096299086758
736,14.0,-2.0,180.69650228310502
737,14.0,0.0,179.40709646118722
738,14.0,2.0,184.36243150684933
739,14.0,4.0,185.77676541095892
740,14.0,6.0,186.32967237442924
741,14.0,8.0,191.3722705479452
742,14.0,10.0,191.678424086758
743,14.0,12.0,190.57339897260275
744,14.0,14.0,190.35882648401827
745,14.0,16.0,187.52846347031962
746,14.0,18.0,186.86010844748859
747,14.0,20.0,188.0875565068493
748,14.0,22.0,190.48158276255708
749,14.0,24.0,185.81700570776258
750,14.0,26.0,195.1890930365297
751,14.0,28.0,192.9883955479452
752,14.0,30.0,188.46009018264843
753,14.0,32.0,186.18282876712328
754,14.0,34.0,184.53886244292238
755,14.0,36.0,185.7449663242009
756,14.0,38.0,189.3548584474886
757,14.0,40.0,179.77095319634705
758,14.0,44.0,140.6965234018265
759,14.0,46.0,186.6952939497717
760,14.0,76.0,143.361602739726
761,14.0,78.0,153.37795662100459
762,14.0,80.0,146.32719691780824
763,14.0,100.0,141.09285159817352
764,14.0,102.0,132.7728864155251
765,14.0,104.0,133.17593264840184
766,14.0,106.0,132.42600399543377
767,14.0,108.0,121.91490011415527
768,16.0,-96.0,143.4764189497717
769,16.0,-92.0,158.97256506849314
770,16.0,-90.0,114.29661815068495
771,16.0,-16.0,174.11813356164384
772,16.0,-14.0,179.19761415525116
773,16.0,-12.0,178.90037956621003
774,16.0,-10.0,178.94857933789953
775,16.0,-8.0,179.31393778538816
776,16.0,-6.0,182.37096917808222
777,16.0,-4.0,187.77317408675802
778,16.0,-2.0,187.1614988584475
779,16.0,0.0,188.58441324200916
780,16.0,2.0,191.71263184931507
781,16.0,4.0,192.42387956621005
782,16.0,6.0,192.9755530821918
783,16.0,8.0,198.40463584474887
784,16.0,10.0,199.89359988584476
785,16.0,12.0,195.94602511415525
786,16.0,14.0,195.0667705479452
787,16.0,16.0,191.02831278538812
788,16.0,18.0,193.63197488584473
789,16.0,20.0,197.49002796803654
790,16.0,22.0,203.50955764840182
791,16.0,24.0,205.16920890410958
792,16.0,26.0,202.55625970319633
793,16.0,28.0,200.30727226027395
794,16.0,30.0,197.81805878995434
795,16.0,32.0,195.10751141552512
796,16.0,34.0,191.16176883561647
797,16.0,36.0,195.20594349315067
798,16.0,38.0,180.5008670091324
799,16.0,44.0,194.6919098173516
800,16.0,46.0,204.2154988584475
801,16.0,48.0,188.1804971461187
802,16.0,50.0,208.65867237442922
803,16.0,52.0,193.60798801369864
804,16.0,74.0,112.41613013698631
805,16.0,76.0,153.24848287671233
806,16.0,78.0,152.1136946347032
807,16.0,80.0,141.76052054794522
808,16.0,98.0,126.98529166666667
809,16.0,100.0,146.67110673515978
810,16.0,102.0,130.59813413242009
811,16.0,104.0,135.03672146118723
812,16.0,106.0,107.7165114155251
813,16.0,108.0,99.28218664383562
814,18.0,-102.0,154.9810673515982
815,18.0,-100.0,174.3169703196347
816,18.0,-98.0,189.15398344748857
817,18.0,-96.0,119.57008162100458
818,18.0,-94.0,110.79799657534247
819,18.0,-92.0,147.77635331050226
820,18.0,-90.0,135.1787117579909
821,18.0,-66.0,154.63032762557077
822,18.0,-16.0,185.41927283105025
823,18.0,-14.0,184.96813984018266
824,18.0,-12.0,187.05394863013697
825,18.0,-10.0,183.6154549086758
826,18.0,-8.0,186.25039269406392
827,18.0,-6.0,176.77553139269406
828,18.0,-4.0,186.1092243150685
829,18.0,-2.0,189.45744406392694
830,18.0,0.0,191.65113869863015
831,18.0,2.0,194.0363418949772
832,18.0,4.0,196.92405878995433
833,18.0,6.0,197.8939811643836
834,18.0,8.0,201.43291666666667
835,18.0,10.0,205.6584988584475
836,18.0,12.0,201.37286586757992
837,18.0,14.0,199.81883789954338
838,18.0,16.0,199.2599315068493
839,18.0,18.0,202.94675856164383
840,18.0,20.0,206.13318264840186
841,18.0,22.0,210.4940205479452
842,18.0,24.0,212.7519771689498
843,18.0,26.0,207.34890582191784
844,18.0,28.0,206.8771261415525
845,18.0,30.0,203.66841152968038
846,18.0,32.0,197.22902853881283
847,18.0,34.0,199.1991289954338
848,18.0,36.0,200.73605707762556
849,18.0,38.0,149.5030171232877
850,18.0,42.0,177.04528139269408
851,18.0,44.0,199.66011986301368
852,18.0,46.0,201.3252562785388
853,18.0,48.0,200.71205650684934
854,18.0,50.0,201.02111700913244
855,18.0,52.0,206.31412157534245
856,18.0,54.0,205.75041267123288
857,18.0,56.0,168.70521803652971
858,18.0,74.0,139.74670547945203
859,18.0,76.0,146.5804332191781
860,18.0,78.0,150.39118892694063
861,18.0,80.0,142.6155719178082
862,18.0,82.0,128.74625456621004
863,18.0,96.0,125.84075342465754
864,18.0,98.0,127.27601769406394
865,18.0,100.0,127.37408333333333
866,18.0,102.0,116.3524845890411
867,18.0,104.0,120.136950913242
868,18.0,106.0,74.75149885844749
869,20.0,-104.0,155.84874143835617
870,20.0,-102.0,163.38746746575342
871,20.0,-100.0,157.04139383561642
872,20.0,-98.0,132.90290639269406
873,20.0,-90.0,153.3574805936073
874,20.0,-88.0,142.19845319634703
875,20.0,-76.0,146.96659931506852
876,20.0,-16.0,190.31614269406393
877,20.0,-14.0,189.2385051369863
878,20.0,-12.0,185.13148801369863
879,20.0,-10.0,187.10848801369863
880,20.0,-8.0,189.49283162100457
881,20.0,-6.0,189.40265696347032
882,20.0,-4.0,187.0656198630137
883,20.0,-2.0,189.65797146118723
884,20.0,0.0,194.52264954337898
885,20.0,2.0,196.3791135844749
886,20.0,4.0,200.57886529680366
887,20.0,6.0,201.11791038812788
888,20.0,8.0,205.13793207762555
889,20.0,10.0,207.99383333333333
890,20.0,12.0,208.92835159817352
891,20.0,14.0,204.99648173515982
892,20.0,16.0,198.14460730593606
893,20.0,18.0,207.61115696347034
894,20.0,20.0,212.1656341324201
895,20.0,22.0,211.19779337899544
896,20.0,24.0,213.39644577625575
897,20.0,26.0,212.84970776255707
898,20.0,28.0,210.91141324200913
899,20.0,30.0,206.98424828767125
900,20.0,32.0,205.32019178082194
901,20.0,34.0,200.62764155251142
902,20.0,36.0,193.20994920091326
903,20.0,42.0,187.36839383561642
904,20.0,44.0,197.66996289954338
905,20.0,46.0,193.4592962328767
906,20.0,48.0,193.71304109589042
907,20.0,50.0,194.35938356164382
908,20.0,52.0,194.90167465753427
909,20.0,54.0,193.68367579908679
910,20.0,56.0,195.23741152968037
911,20.0,74.0,151.57714098173517
912,20.0,76.0,147.02816780821917
913,20.0,78.0,148.02130479452057
914,20.0,80.0,143.73954452054795
915,20.0,82.0,134.88958162100457
916,20.0,84.0,124.66655479452055
917,20.0,86.0,130.57160273972602
918,20.0,94.0,129.828051369863
919,20.0,96.0,147.95024942922376
920,20.0,98.0,123.73084703196346
921,20.0,100.0,130.46508105022832
922,20.0,102.0,106.82177283105024
923,20.0,104.0,84.3792705479452
924,20.0,106.0,80.23302796803654
925,22.0,-104.0,175.86298230593607
926,22.0,-102.0,190.23405821917808
927,22.0,-100.0,152.93856335616437
928,22.0,-98.0,116.01221860730594
929,22.0,-84.0,162.17061015981733
930,22.0,-80.0,136.79272260273973
931,22.0,-78.0,162.65818892694065
932,22.0,-16.0,196.84279566210046
933,22.0,-14.0,195.6372151826484
934,22.0,-12.0,192.56520833333335
935,22.0,-10.0,193.21380993150683
936,22.0,-8.0,195.24866438356165
937,22.0,-6.0,193.5404589041096
938,22.0,-4.0,190.86249771689498
939,22.0,-2.0,195.64188299086757
940,22.0,0.0,195.63718607305935
941,22.0,2.0,195.6339446347032
942,22.0,4.0,200.838375
943,22.0,6.0,204.94805308219176
944,22.0,8.0,208.94288869863016
945,22.0,10.0,208.7390667808219
946,22.0,12.0,209.55907477168952
947,22.0,14.0,211.69351484018267
948,22.0,16.0,213.69105993150686
949,22.0,18.0,212.65331906392692
950,22.0,20.0,213.7253184931507
951,22.0,22.0,212.69601484018264
952,22.0,24.0,214.77097488584477
953,22.0,26.0,214.10782020547944
954,22.0,28.0,209.2799817351598
955,22.0,30.0,208.91379394977167
956,22.0,32.0,209.25385730593607
957,22.0,34.0,205.51845034246574
958,22.0,36.0,195.50965011415525
959,22.0,40.0,186.63990182648402
960,22.0,42.0,191.1509001141553
961,22.0,44.0,190.41616837899542
962,22.0,46.0,190.77853253424655
963,22.0,48.0,188.04453710045664
964,22.0,50.0,187.8838042237443
965,22.0,52.0,190.18943607305937
966,22.0,54.0,191.07987671232877
967,22.0,56.0,189.83011586757993
968,22.0,58.0,188.79967294520551
969,22.0,70.0,158.72341038812786
970,22.0,72.0,159.96749714611875
971,22.0,74.0,149.38461130136986
972,22.0,76.0,148.3977591324201
973,22.0,78.0,139.81240924657536
974,22.0,80.0,144.06483961187215
975,22.0,82.0,145.00630308219178
976,22.0,84.0,141.0350308219178
977,22.0,86.0,132.1497676940639
978,22.0,88.0,124.80138698630138
979,22.0,90.0,121.7900707762557
980,22.0,92.0,125.55129794520549
981,22.0,94.0,135.14362500000001
982,22.0,96.0,146.57095947488585
983,22.0,98.0,117.55132134703197
984,22.0,100.0,117.24894920091323
985,22.0,102.0,92.94503538812785
986,22.0,104.0,61.42410331050228
987,22.0,106.0,59.97425285388129
988,22.0,108.0,57.18226369863013
989,22.0,110.0,67.61718321917809
990,22.0,112.0,78.25437500000001
991,24.0,-110.0,184.9363698630137
992,24.0,-106.0,150.62124657534244
993,24.0,-104.0,189.74790582191784
994,24.0,-102.0,191.12730650684932
995,24.0,-100.0,172.97143093607306
996,24.0,-98.0,134.16825570776257
997,24.0,-14.0,194.9807420091324
998,24.0,-12.0,194.13399543378992
999,24.0,-10.0,192.77361529680365
1000,24.0,-8.0,193.3991118721461
1001,24.0,-6.0,191.50115753424657
1002,24.0,-4.0,196.77341552511413
1003,24.0,-2.0,197.2171130136986
1004,24.0,0.0,197.8226700913242
1005,24.0,2.0,194.53648059360728
1006,24.0,4.0,195.4598658675799
1007,24.0,6.0,195.5500530821918
1008,24.0,8.0,202.52649828767125
1009,24.0,10.0,203.6391569634703
1010,24.0,12.0,203.49126655251143
1011,24.0,14.0,208.9753093607306
1012,24.0,16.0,210.30269406392694
1013,24.0,18.0,208.523524543379
1014,24.0,20.0,209.39449543378998
1015,24.0,22.0,208.86331107305935
1016,24.0,24.0,210.07825970319638
1017,24.0,26.0,215.13075
1018,24.0,28.0,210.91750456621006
1019,24.0,30.0,207.40788984018266
1020,24.0,32.0,208.6212619863014
1021,24.0,34.0,207.35312728310504
1022,24.0,40.0,182.77247089041097
1023,24.0,42.0,185.18417865296806
1024,24.0,44.0,183.31002168949772
1025,24.0,46.0,185.8709303652968
1026,24.0,48.0,184.49619406392694
1027,24.0,50.0,183.41454394977166
1028,24.0,54.0,184.34671575342466
1029,24.0,56.0,185.0948698630137
1030,24.0,68.0,157.12810787671233
1031,24.0,70.0,149.9880993150685
1032,24.0,72.0,157.08216267123285
1033,24.0,74.0,156.22804166666666
1034,24.0,76.0,144.9351969178082
1035,24.0,78.0,138.03250285388128
1036,24.0,80.0,141.3785627853881
1037,24.0,82.0,134.1893327625571
1038,24.0,84.0,135.80210273972605
1039,24.0,86.0,130.34462557077626
1040,24.0,88.0,121.48498515981734
1041,24.0,90.0,108.82034189497718
1042,24.0,92.0,116.07677968036529
1043,24.0,94.0,88.05215410958903
1044,24.0,96.0,114.89922260273973
1045,24.0,98.0,114.52164212328768
1046,24.0,100.0,90.55693321917808
1047,24.0,102.0,99.2248555936073
1048,24.0,104.0,89.87224885844749
1049,24.0,106.0,75.62080821917809
1050,24.0,108.0,51.43093264840183
1051,24.0,110.0,44.271420662100454
1052,24.0,112.0,66.78372716894977
1053,24.0,114.0,61.52264269406394
1054,24.0,116.0,72.4937368721461
1055,26.0,-112.0,192.56769292237442
1056,26.0,-108.0,172.35351141552513
1057,26.0,-106.0,167.37345947488586
1058,26.0,-104.0,202.1005993150685
1059,26.0,-102.0,187.41660216894977
1060,26.0,-100.0,146.53641038812788
1061,26.0,-98.0,134.1549537671233
1062,26.0,-14.0,191.4573224885845
1063,26.0,-12.0,193.92297659817353
1064,26.0,-10.0,192.8784783105023
1065,26.0,-8.0,194.2590662100457
1066,26.0,-6.0,194.4428321917808
1067,26.0,-4.0,194.9013829908676
1068,26.0,-2.0,196.90713413242008
1069,26.0,0.0,197.02170091324203
1070,26.0,2.0,193.69262899543378
1071,26.0,4.0,195.59873573059363
1072,26.0,6.0,198.44953938356164
1073,26.0,8.0,191.6027408675799
1074,26.0,10.0,197.31778995433788
1075,26.0,12.0,194.26640924657536
1076,26.0,14.0,200.30940068493152
1077,26.0,16.0,202.2881946347032
1078,26.0,18.0,202.47232648401828
1079,26.0,20.0,202.5831421232877
1080,26.0,22.0,201.69008219178085
1081,26.0,24.0,203.44287785388127
1082,26.0,26.0,204.70009760273976
1083,26.0,28.0,206.1740194063927
1084,26.0,30.0,203.3451957762557
1085,26.0,32.0,205.62618093607307
1086,26.0,34.0,201.22493378995435
1087,26.0,38.0,192.8870142694064
1088,26.0,40.0,175.84522317351596
1089,26.0,42.0,179.8012568493151
1090,26.0,44.0,176.3479172374429
1091,26.0,46.0,174.4910684931507
1092,26.0,48.0,171.52181792237442
1093,26.0,58.0,180.81442751141552
1094,26.0,60.0,181.8327528538813
1095,26.0,62.0,175.78347203196344
1096,26.0,64.0,180.18080136986302
1097,26.0,66.0,169.67802283105024
1098,26.0,68.0,166.29975228310502
1099,26.0,70.0,157.2282528538813
1100,26.0,72.0,152.89855993150684
1101,26.0,74.0,148.55946803652967
1102,26.0,76.0,143.07306792237443
1103,26.0,78.0,139.27370433789955
1104,26.0,80.0,130.37315639269409
1105,26.0,82.0,127.62444406392693
1106,26.0,84.0,122.14315125570775
1107,26.0,86.0,117.04045376712328
1108,26.0,88.0,111.26004109589041
1109,26.0,90.0,109.89214212328766
1110,26.0,92.0,101.6993493150685
1111,26.0,94.0,106.8719394977169
1112,26.0,96.0,64.72401369863015
1113,26.0,98.0,72.92577796803654
1114,26.0,100.0,98.34246461187215
1115,26.0,102.0,118.94233904109589
1116,26.0,104.0,94.36111187214613
1117,26.0,106.0,51.47690125570776
1118,26.0,108.0,45.048994292237445
1119,26.0,110.0,39.224656392694065
1120,26.0,112.0,44.65389840182649
1121,26.0,114.0,47.77453824200913
1122,26.0,116.0,67.01728424657533
1123,28.0,-114.0,198.61211015981735
1124,28.0,-110.0,188.30154337899543
1125,28.0,-108.0,158.7063904109589
1126,28.0,-106.0,191.70177511415525
1127,28.0,-104.0,186.00169292237445
1128,28.0,-102.0,152.26767808219176
1129,28.0,-100.0,148.94166210045665
1130,28.0,-98.0,132.1372734018265
1131,28.0,-82.0,134.4975901826484
1132,28.0,-12.0,156.77788584474888
1133,28.0,-10.0,194.08460045662102
1134,28.0,-8.0,193.57913984018268
1135,28.0,-6.0,194.4385336757991
1136,28.0,-4.0,193.59289098173517
1137,28.0,-2.0,192.88392579908677
1138,28.0,0.0,192.3882888127854
1139,28.0,2.0,191.59011015981739
1140,28.0,4.0,196.32934303652968
1141,28.0,6.0,196.22802910958904
1142,28.0,8.0,195.57934646118724
1143,28.0,10.0,195.74716495433788
1144,28.0,12.0,195.5754012557078
1145,28.0,14.0,195.83219977168952
1146,28.0,16.0,196.69692522831053
1147,28.0,18.0,193.91848801369864
1148,28.0,20.0,193.23721175799085
1149,28.0,22.0,195.7199674657534
1150,28.0,24.0,199.54301712328768
1151,28.0,26.0,198.55519691780825
1152,28.0,28.0,199.5382191780822
1153,28.0,30.0,197.92034589041097
1154,28.0,32.0,199.60339440639268
1155,28.0,34.0,200.8519006849315
1156,28.0,36.0,198.80895833333335
1157,28.0,38.0,189.5758698630137
1158,28.0,40.0,187.38877625570777
1159,28.0,42.0,177.1446289954338
1160,28.0,44.0,171.1104138127854
1161,28.0,46.0,167.5252128995434
1162,28.0,48.0,164.60464611872146
1163,28.0,52.0,170.87851198630136
1164,28.0,54.0,179.0341906392694
1165,28.0,56.0,176.5029657534247
1166,28.0,58.0,177.0360633561644
1167,28.0,60.0,180.78239326484018
1168,28.0,62.0,177.0150941780822
1169,28.0,64.0,180.67882477168948
1170,28.0,66.0,171.38979794520546
1171,28.0,68.0,156.0379343607306
1172,28.0,70.0,151.79354965753424
1173,28.0,72.0,145.00460102739726
1174,28.0,74.0,142.64232648401827
1175,28.0,76.0,135.08342180365293
1176,28.0,78.0,129.07160901826487
1177,28.0,80.0,127.32926769406393
1178,28.0,82.0,128.6083390410959
1179,28.0,84.0,131.45039212328766
1180,28.0,86.0,86.76665696347033
1181,28.0,88.0,96.59822659817353
1182,28.0,90.0,65.8177345890411
1183,28.0,92.0,89.75396860730592
1184,28.0,94.0,72.80954566210046
1185,28.0,96.0,102.89406506849315
1186,28.0,98.0,45.92046461187215
1187,28.0,100.0,92.86473401826484
1188,28.0,102.0,89.54665867579908
1189,28.0,104.0,45.4414549086758
1190,28.0,106.0,42.00748915525114
1191,28.0,108.0,39.900863013698626
1192,28.0,110.0,48.543724885844746
1193,28.0,112.0,47.625199771689495
1194,28.0,114.0,51.216926940639276
1195,28.0,116.0,57.19434360730594
1196,30.0,-112.0,200.12470776255708
1197,30.0,-110.0,188.80169920091325
1198,30.0,-108.0,175.1358607305936
1199,30.0,-106.0,190.5049600456621
1200,30.0,-104.0,183.08156621004565
1201,30.0,-102.0,173.7839063926941
1202,30.0,-100.0,142.48813242009132
1203,30.0,-98.0,133.04826312785386
1204,30.0,-96.0,123.10263413242009
1205,30.0,-94.0,114.10236757990867
1206,30.0,-92.0,119.10988184931507
1207,30.0,-90.0,125.25479109589041
1208,30.0,-82.0,119.17260559360732
1209,30.0,-8.0,192.70878767123287
1210,30.0,-6.0,190.17944748858446
1211,30.0,-4.0,187.27509646118722
1212,30.0,-2.0,185.86583047945203
1213,30.0,0.0,184.97882305936076
1214,30.0,2.0,188.5647871004566
1215,30.0,4.0,189.64081563926942
1216,30.0,6.0,189.85807933789957
1217,30.0,8.0,181.36666894977168
1218,30.0,10.0,189.1751957762557
1219,30.0,12.0,188.13019006849314
1220,30.0,14.0,187.58230251141552
1221,30.0,16.0,181.87833047945205
1222,30.0,18.0,182.19107077625569
1223,30.0,20.0,184.07640639269408
1224,30.0,22.0,183.41736015981738
1225,30.0,24.0,185.47756963470317
1226,30.0,26.0,187.65533219178084
1227,30.0,28.0,185.58752739726026
1228,30.0,30.0,184.59908561643834
1229,30.0,32.0,183.22805878995433
1230,30.0,34.0,185.34129337899543
1231,30.0,36.0,189.0774149543379
1232,30.0,38.0,182.6574275114155
1233,30.0,40.0,179.14598972602738
1234,30.0,42.0,168.612598173516
1235,30.0,44.0,164.58660787671232
1236,30.0,46.0,160.59017636986303
1237,30.0,52.0,165.9296341324201
1238,30.0,54.0,175.82891837899544
1239,30.0,56.0,161.68252454337903
1240,30.0,58.0,171.81185616438358
1241,30.0,60.0,174.65014497716896
1242,30.0,62.0,171.0577836757991
1243,30.0,64.0,172.3333607305936
1244,30.0,66.0,175.53980878995432
1245,30.0,68.0,162.07885844748859
1246,30.0,70.0,128.2389006849315
1247,30.0,72.0,132.15878196347032
1248,30.0,74.0,128.31953025114152
1249,30.0,76.0,124.7874857305936
1250,30.0,78.0,134.30726027397262
1251,30.0,80.0,126.10501198630138
1252,30.0,82.0,87.28743036529681
1253,30.0,84.0,175.64506392694065
1254,30.0,86.0,165.30528824200914
1255,30.0,88.0,156.77024885844747
1256,30.0,90.0,106.62093093607305
1257,30.0,92.0,95.7412705479452
1258,30.0,94.0,71.46761986301371
1259,30.0,96.0,52.835069634703196
1260,30.0,98.0,115.06294577625572
1261,30.0,100.0,117.47934874429222
1262,30.0,102.0,73.81279452054794
1263,30.0,104.0,40.115014840182646
1264,30.0,106.0,42.36507648401827
1265,30.0,108.0,45.602722031963474
1266,30.0,110.0,38.013773401826484
1267,30.0,112.0,57.14705136986302
1268,30.0,114.0,59.48085901826485
1269,30.0,116.0,62.79481506849316
1270,32.0,-116.0,195.40395148401825
1271,32.0,-114.0,201.77552511415527
1272,32.0,-112.0,190.6867950913242
1273,32.0,-110.0,173.72679566210044
1274,32.0,-108.0,187.7018116438356
1275,32.0,-106.0,187.01077397260272
1276,32.0,-104.0,174.70567351598174
1277,32.0,-102.0,171.87628025114157
1278,32.0,-100.0,160.54445490867582
1279,32.0,-98.0,143.01754394977166
1280,32.0,-96.0,130.7900953196347
1281,32.0,-94.0,127.0877973744292
1282,32.0,-92.0,123.12770662100456
1283,32.0,-90.0,124.20430422374427
1284,32.0,-88.0,127.08042808219176
1285,32.0,-86.0,125.49493892694065
1286,32.0,-84.0,126.34597945205478
1287,32.0,-82.0,132.11225
1288,32.0,-8.0,169.26164326484016
1289,32.0,-6.0,147.3268955479452
1290,32.0,-4.0,181.97083847031962
1291,32.0,-2.0,175.41661815068494
1292,32.0,0.0,178.05312785388128
1293,32.0,2.0,179.69653938356169
1294,32.0,4.0,181.55564554794518
1295,32.0,6.0,180.77371575342465
1296,32.0,8.0,181.62182363013696
1297,32.0,10.0,180.87710901826486
1298,32.0,12.0,170.99400970319633
1299,32.0,14.0,172.21858504566208
1300,32.0,20.0,165.9463310502283
1301,32.0,22.0,173.4619583333333
1302,32.0,24.0,170.28216210045662
1303,32.0,36.0,170.99766780821915
1304,32.0,38.0,177.0543921232877
1305,32.0,40.0,172.6023818493151
1306,32.0,42.0,167.31271461187217
1307,32.0,44.0,155.99048573059363
1308,32.0,46.0,154.45800913242007
1309,32.0,48.0,152.5291866438356
1310,32.0,50.0,159.81835787671235
1311,32.0,52.0,158.80939098173513
1312,32.0,54.0,167.69811529680368
1313,32.0,56.0,165.1401712328767
1314,32.0,58.0,167.78634760273974
1315,32.0,60.0,169.2767305936073
1316,32.0,62.0,170.64530764840183
1317,32.0,64.0,173.18431164383563
1318,32.0,66.0,167.26585331050228
1319,32.0,68.0,165.2196261415525
1320,32.0,70.0,122.39083162100455
1321,32.0,72.0,118.52089383561645
1322,32.0,74.0,120.33033504566208
1323,32.0,76.0,124.46261073059361
1324,32.0,78.0,93.62108447488583
1325,32.0,80.0,115.65324942922373
1326,32.0,82.0,165.18165810502282
1327,32.0,84.0,160.83653481735158
1328,32.0,86.0,163.44783847031965
1329,32.0,88.0,166.6942345890411
1330,32.0,90.0,157.60690296803654
1331,32.0,92.0,105.70963641552513
1332,32.0,94.0,105.31461472602739
1333,32.0,96.0,105.56846232876713
1334,32.0,98.0,100.63321061643835
1335,32.0,100.0,78.35593264840182
1336,32.0,102.0,92.89919634703196
1337,32.0,104.0,31.51137271689497
1338,32.0,106.0,46.99388755707763
1339,32.0,108.0,52.645727168949776
1340,32.0,110.0,61.79165753424657
1341,32.0,112.0,60.922496004566206
1342,32.0,114.0,62.4788207762557
1343,32.0,116.0,64.69976369863014
1344,34.0,-118.0,172.34389269406392
1345,34.0,-116.0,195.23035901826483
1346,34.0,-114.0,185.80926655251142
1347,34.0,-112.0,182.94071232876712
1348,34.0,-110.0,163.83115696347033
1349,34.0,-108.0,170.65165525114156
1350,34.0,-106.0,178.69262899543378
1351,34.0,-104.0,174.07745148401824
1352,34.0,-102.0,165.73778995433787
1353,34.0,-100.0,152.9997682648402
1354,34.0,-98.0,142.5722694063927
1355,34.0,-96.0,130.94657020547945
1356,34.0,-94.0,121.95716894977167
1357,34.0,-92.0,120.36142408675799
1358,34.0,-90.0,117.57473972602739
1359,34.0,-88.0,118.98738584474886
1360,34.0,-86.0,121.28711358447488
1361,34.0,-84.0,124.8752380136986
1362,34.0,-82.0,120.65518607305935
1363,34.0,-80.0,121.92623801369862
1364,34.0,-78.0,121.12970890410959
1365,34.0,-6.0,153.09126484018265
1366,34.0,-4.0,155.5173801369863
1367,34.0,-2.0,161.83509360730596
1368,34.0,0.0,161.02588070776255
1369,34.0,2.0,157.02022431506848
1370,34.0,4.0,166.1766877853881
1371,34.0,6.0,161.5305593607306
1372,34.0,8.0,170.65556392694063
1373,34.0,10.0,163.2432060502283
1374,34.0,36.0,161.2624160958904
1375,34.0,38.0,163.6221261415525
1376,34.0,40.0,163.94623858447488
1377,34.0,42.0,157.68829851598176
1378,34.0,44.0,154.5932705479452
1379,34.0,46.0,154.5908156392694
1380,34.0,48.0,146.69204166666665
1381,34.0,50.0,143.207
1382,34.0,52.0,154.03585388127854
1383,34.0,54.0,158.11988242009133
1384,34.0,56.0,153.5218658675799
1385,34.0,58.0,162.74502111872147
1386,34.0,60.0,163.07362157534246
1387,34.0,62.0,167.00774543378998
1388,34.0,64.0,155.6334560502283
1389,34.0,66.0,141.05240981735162
1390,34.0,68.0,141.58437956621006
1391,34.0,70.0,130.22646575342463
1392,34.0,72.0,119.41881506849315
1393,34.0,74.0,89.33433105022831
1394,34.0,76.0,67.4911404109589
1395,34.0,78.0,91.63779280821916
1396,34.0,80.0,96.2506546803653
1397,34.0,82.0,134.08818607305938
1398,34.0,84.0,139.5995696347032
1399,34.0,86.0,137.66780878995436
1400,34.0,88.0,117.84411015981735
1401,34.0,90.0,127.3987437214612
1402,34.0,92.0,125.18060102739726
1403,34.0,94.0,111.02484988584474
1404,34.0,96.0,96.31579737442922
1405,34.0,98.0,82.70448744292237
1406,34.0,100.0,93.74801255707763
1407,34.0,102.0,97.71862956621004
1408,34.0,104.0,71.11503710045663
1409,34.0,106.0,58.98742351598174
1410,34.0,108.0,64.3832460045662
1411,34.0,110.0,64.68288413242009
1412,34.0,112.0,61.59252625570777
1413,34.0,114.0,70.35781449771689
1414,34.0,116.0,69.75195662100458
1415,36.0,-120.0,175.79926484018264
1416,36.0,-118.0,175.86625228310504
1417,36.0,-116.0,187.45578652968032
1418,36.0,-114.0,170.09372431506847
1419,36.0,-112.0,154.04303310502286
1420,36.0,-110.0,170.18766267123286
1421,36.0,-108.0,174.31061929223745
1422,36.0,-106.0,163.92263527397256
1423,36.0,-104.0,164.54565753424657
1424,36.0,-102.0,160.68222888127855
1425,36.0,-100.0,150.55033675799086
1426,36.0,-98.0,138.72298915525116
1427,36.0,-96.0,128.28788470319634
1428,36.0,-94.0,119.3622642694064
1429,36.0,-92.0,115.93311415525113
1430,36.0,-90.0,114.89373002283106
1431,36.0,-88.0,106.978801369863
1432,36.0,-86.0,108.1794948630137
1433,36.0,-84.0,112.35624486301369
1434,36.0,-82.0,107.23532248858449
1435,36.0,-80.0,113.51583047945205
1436,36.0,-78.0,117.64556221461189
1437,36.0,2.0,138.1497602739726
1438,36.0,4.0,149.67156392694065
1439,36.0,6.0,143.68170719178084
1440,36.0,8.0,138.84790182648402
1441,36.0,10.0,144.7562859589041
1442,36.0,36.0,123.13529337899543
1443,36.0,38.0,151.73176598173515
1444,36.0,40.0,155.34270034246578
1445,36.0,42.0,148.8247163242009
1446,36.0,44.0,145.64782648401825
1447,36.0,46.0,125.8984743150685
1448,36.0,48.0,141.11869920091323
1449,36.0,50.0,146.84957648401823
1450,36.0,52.0,95.85089440639268
1451,36.0,54.0,147.74786301369866
1452,36.0,56.0,153.3796803652968
1453,36.0,58.0,151.17620547945205
1454,36.0,60.0,146.66241152968038
1455,36.0,62.0,142.08199143835617
1456,36.0,64.0,141.98337728310503
1457,36.0,66.0,134.8072734018265
1458,36.0,68.0,127.11642865296801
1459,36.0,70.0,80.95927168949771
1460,36.0,72.0,74.64051997716895
1461,36.0,74.0,67.09516267123287
1462,36.0,76.0,77.9310308219178
1463,36.0,78.0,145.9984326484018
1464,36.0,80.0,78.82365011415524
1465,36.0,82.0,100.290073630137
1466,36.0,84.0,118.26446232876712
1467,36.0,86.0,103.95968378995433
1468,36.0,88.0,99.90907933789953
1469,36.0,90.0,94.80366152968035
1470,36.0,92.0,99.45745262557077
1471,36.0,94.0,109.03011130136987
1472,36.0,96.0,100.17019748858446
1473,36.0,98.0,119.2767049086758
1474,36.0,100.0,109.00057363013697
1475,36.0,102.0,104.27155308219177
1476,36.0,104.0,90.28436358447489
1477,36.0,106.0,80.68564326484018
1478,36.0,108.0,82.78061929223746
1479,36.0,110.0,75.77823344748859
1480,36.0,112.0,76.72328310502283
1481,36.0,114.0,72.82414554794521
1482,38.0,-122.0,163.62963242009133
1483,38.0,-120.0,162.26953824200913
1484,38.0,-118.0,173.7301609589041
1485,38.0,-116.0,152.61953481735156
1486,38.0,-114.0,151.22698630136986
1487,38.0,-112.0,148.06506621004567
1488,38.0,-110.0,162.03475285388126
1489,38.0,-108.0,123.29794006849316
1490,38.0,-106.0,153.6079474885845
1491,38.0,-104.0,156.88327511415523
1492,38.0,-102.0,154.72495376712328
1493,38.0,-100.0,146.80718093607305
1494,38.0,-98.0,136.15603652968036
1495,38.0,-96.0,124.71790981735161
1496,38.0,-94.0,114.93075627853882
1497,38.0,-92.0,109.67291837899543
1498,38.0,-90.0,105.55293835616438
1499,38.0,-88.0,110.18620319634704
1500,38.0,-86.0,107.8001917808219
1501,38.0,-84.0,104.36847945205479
1502,38.0,-82.0,96.840600456621
1503,38.0,-80.0,101.59326484018266
1504,38.0,-78.0,112.25538184931507
1505,38.0,-76.0,120.5522140410959
1506,38.0,-8.0,138.92685331050228
1507,38.0,-6.0,141.38764098173516
1508,38.0,-4.0,153.60044977168948
1509,38.0,-2.0,146.59225513698632
1510,38.0,14.0,111.48472659817352
1511,38.0,16.0,126.70548801369863
1512,38.0,22.0,107.11021118721462
1513,38.0,24.0,134.09862328767124
1514,38.0,28.0,125.9584674657534
1515,38.0,30.0,135.8192716894977
1516,38.0,32.0,112.17221746575342
1517,38.0,34.0,137.47927283105022
1518,38.0,36.0,122.14807191780822
1519,38.0,38.0,120.17547317351598
1520,38.0,40.0,139.7494628995434
1521,38.0,42.0,142.05510616438355
1522,38.0,44.0,123.03313470319635
1523,38.0,46.0,138.6244446347032
1524,38.0,48.0,110.00132420091323
1525,38.0,50.0,98.77532248858445
1526,38.0,54.0,122.10665068493151
1527,38.0,56.0,128.8852106164384
1528,38.0,58.0,121.16656164383562
1529,38.0,60.0,133.55551598173514
1530,38.0,62.0,138.8700371004566
1531,38.0,64.0,138.89550456621006
1532,38.0,66.0,135.77835102739726
1533,38.0,68.0,127.57086643835615
1534,38.0,70.0,112.52016609589042
1535,38.0,72.0,82.34282020547946
1536,38.0,74.0,127.3718042237443
1537,38.0,76.0,106.84881621004567
1538,38.0,78.0,107.0133339041096
1539,38.0,80.0,105.87614383561645
1540,38.0,82.0,111.49560616438356
1541,38.0,84.0,118.20977111872146
1542,38.0,86.0,120.06365296803651
1543,38.0,88.0,108.10536872146119
1544,38.0,90.0,123.20626141552512
1545,38.0,92.0,135.68231278538812
1546,38.0,94.0,136.0997962328767
1547,38.0,96.0,124.45315296803652
1548,38.0,98.0,94.75445947488585
1549,38.0,100.0,90.32148401826484
1550,38.0,102.0,93.49778196347033
1551,38.0,104.0,113.73712271689497
1552,38.0,106.0,107.89401541095893
1553,38.0,108.0,99.49487442922373
1554,38.0,110.0,93.06902283105025
1555,38.0,112.0,86.45062557077625
1556,38.0,114.0,80.10569920091324
1557,40.0,-124.0,109.5228904109589
1558,40.0,-122.0,157.45378824200913
1559,40.0,-120.0,157.6247020547945
1560,40.0,-118.0,161.14239726027398
1561,40.0,-116.0,155.48104623287674
1562,40.0,-114.0,138.18239098173515
1563,40.0,-112.0,142.80084931506846
1564,40.0,-110.0,143.8129571917808
1565,40.0,-108.0,122.5168339041096
1566,40.0,-106.0,113.98370719178082
1567,40.0,-104.0,142.22766038812784
1568,40.0,-102.0,142.23479109589042
1569,40.0,-100.0,138.6504560502283
1570,40.0,-98.0,127.53615924657532
1571,40.0,-96.0,115.89562271689496
1572,40.0,-94.0,109.6174651826484
1573,40.0,-92.0,105.61458618721461
1574,40.0,-90.0,104.99437442922374
1575,40.0,-88.0,103.09668664383561
1576,40.0,-86.0,97.73151084474885
1577,40.0,-84.0,100.3231404109589
1578,40.0,-82.0,96.99715525114156
1579,40.0,-80.0,89.93188356164384
1580,40.0,-78.0,95.78754566210046
1581,40.0,-76.0,102.1866506849315
1582,40.0,-8.0,120.21020091324202
1583,40.0,-6.0,139.8379006849315
1584,40.0,-4.0,146.91523915525116
1585,40.0,-2.0,128.07856621004566
1586,40.0,0.0,132.81048915525113
1587,40.0,4.0,127.82368550228308
1588,40.0,16.0,98.8878093607306
1589,40.0,20.0,128.41558219178083
1590,40.0,22.0,109.03024942922374
1591,40.0,24.0,118.07204223744293
1592,40.0,28.0,95.85914840182649
1593,40.0,30.0,97.31142294520548
1594,40.0,32.0,122.03271803652966
1595,40.0,34.0,120.79446689497718
1596,40.0,36.0,105.43825913242009
1597,40.0,38.0,95.98089668949771
1598,40.0,40.0,119.80368721461188
1599,40.0,42.0,102.12798972602741
1600,40.0,44.0,124.42370376712331
1601,40.0,46.0,61.17049543378996
1602,40.0,48.0,107.0854703196347
1603,40.0,50.0,102.65332705479452
1604,40.0,52.0,104.49289041095892
1605,40.0,54.0,123.67232363013697
1606,40.0,56.0,122.7474868721461
1607,40.0,58.0,129.0188430365297
1608,40.0,60.0,133.31202511415526
1609,40.0,62.0,136.1100439497717
1610,40.0,64.0,136.24822716894977
1611,40.0,66.0,132.55025970319633
1612,40.0,68.0,115.95525228310503
1613,40.0,70.0,116.319200913242
1614,40.0,72.0,81.0486301369863
1615,40.0,74.0,96.00818436073058
1616,40.0,76.0,117.2410439497717
1617,40.0,78.0,103.11308047945205
1618,40.0,80.0,101.41667351598174
1619,40.0,82.0,103.55654337899544
1620,40.0,84.0,106.09606392694063
1621,40.0,86.0,111.56343093607306
1622,40.0,88.0,109.89181164383561
1623,40.0,90.0,115.20999029680365
1624,40.0,92.0,124.69652111872148
1625,40.0,94.0,126.44078310502286
1626,40.0,96.0,117.58574086757991
1627,40.0,98.0,115.11080593607306
1628,40.0,100.0,118.4517511415525
1629,40.0,102.0,116.85589783105023
1630,40.0,104.0,116.77392694063927
1631,40.0,106.0,117.90897659817352
1632,40.0,108.0,108.68500513698632
1633,40.0,110.0,100.57443378995434
1634,40.0,112.0,93.44626484018265
1635,40.0,114.0,0.4805936073059361
1636,42.0,-124.0,131.9885039954338
1637,42.0,-122.0,144.08678938356164
1638,42.0,-120.0,139.82111872146118
1639,42.0,-118.0,137.0122191780822
1640,42.0,-116.0,131.09217066210047
1641,42.0,-114.0,131.16671575342465
1642,42.0,-112.0,130.02350057077624
1643,42.0,-110.0,143.12402054794524
1644,42.0,-108.0,136.09861415525114
1645,42.0,-106.0,130.04346689497714
1646,42.0,-104.0,131.28265924657535
1647,42.0,-102.0,134.3899058219178
1648,42.0,-100.0,128.24039497716896
1649,42.0,-98.0,116.3321843607306
1650,42.0,-96.0,108.54330079908675
1651,42.0,-94.0,103.72705194063927
1652,42.0,-92.0,102.11111130136986
1653,42.0,-90.0,101.31224600456622
1654,42.0,-88.0,98.5893761415525
1655,42.0,-86.0,91.82381164383561
1656,42.0,-84.0,93.22904052511417
1657,42.0,-82.0,95.60020719178083
1658,42.0,-80.0,86.39749543378994
1659,42.0,-78.0,86.9901894977169
1660,42.0,-76.0,87.08447716894976
1661,42.0,-74.0,99.75428767123287
1662,42.0,-72.0,104.01798915525114
1663,42.0,-8.0,101.24645034246576
1664,42.0,-6.0,125.41449657534247
1665,42.0,-4.0,124.41701655251141
1666,42.0,-2.0,112.13636700913241
1667,42.0,0.0,136.153720890411
1668,42.0,2.0,118.96569920091324
1669,42.0,12.0,123.0197089041096
1670,42.0,14.0,78.69514954337899
1671,42.0,20.0,86.8995308219178
1672,42.0,22.0,106.2927614155251
1673,42.0,24.0,69.90121004566208
1674,42.0,26.0,97.10274200913243
1675,42.0,28.0,95.08728253424657
1676,42.0,30.0,101.95153253424657
1677,42.0,32.0,102.80821289954339
1678,42.0,34.0,84.77818721461189
1679,42.0,36.0,96.23798687214612
1680,42.0,38.0,92.35691952054793
1681,42.0,40.0,91.11621461187214
1682,42.0,42.0,72.8044640410959
1683,42.0,44.0,94.88982134703195
1684,42.0,46.0,97.8673310502283
1685,42.0,48.0,82.77548458904108
1686,42.0,50.0,95.78841837899544
1687,42.0,52.0,99.5605901826484
1688,42.0,54.0,116.44776826484019
1689,42.0,56.0,118.08232248858448
1690,42.0,58.0,124.20821289954335
1691,42.0,60.0,126.0194571917808
1692,42.0,62.0,129.66803253424658
1693,42.0,64.0,131.7241067351598
1694,42.0,66.0,127.70489155251143
1695,42.0,68.0,125.37730821917805
1696,42.0,70.0,106.28022203196348
1697,42.0,72.0,79.63210102739727
1698,42.0,74.0,77.67280422374431
1699,42.0,76.0,81.93132420091324
1700,42.0,78.0,75.32400342465753
1701,42.0,80.0,75.71155936073059
1702,42.0,82.0,102.5753544520548
1703,42.0,84.0,104.16813984018265
1704,42.0,86.0,103.60489326484019
1705,42.0,88.0,108.73264098173517
1706,42.0,90.0,120.764573630137
1707,42.0,92.0,121.38247374429226
1708,42.0,94.0,123.18404794520548
1709,42.0,96.0,117.54212214611873
1710,42.0,98.0,125.11948344748859
1711,42.0,100.0,123.69251198630134
1712,42.0,102.0,125.08323230593608
1713,42.0,104.0,123.53708333333334
1714,42.0,106.0,121.94341324200914
1715,42.0,108.0,115.16436872146119
1716,42.0,110.0,107.16977796803651
1717,42.0,112.0,0.4800228310502283
1718,44.0,-124.0,105.34413413242008
1719,44.0,-122.0,121.0961352739726
1720,44.0,-120.0,134.38105308219178
1721,44.0,-118.0,135.1391210045662
1722,44.0,-116.0,122.67527682648402
1723,44.0,-114.0,118.72176084474886
1724,44.0,-112.0,127.38168207762556
1725,44.0,-110.0,83.6383904109589
1726,44.0,-108.0,125.50787557077625
1727,44.0,-106.0,122.93485502283106
1728,44.0,-104.0,119.27736130136985
1729,44.0,-102.0,120.023575913242
1730,44.0,-100.0,115.54159760273973
1731,44.0,-98.0,111.38986415525113
1732,44.0,-96.0,106.6219948630137
1733,44.0,-94.0,102.62726598173516
1734,44.0,-92.0,96.17988356164382
1735,44.0,-90.0,95.66750570776257
1736,44.0,-88.0,95.77334646118722
1737,44.0,-86.0,88.30339726027395
1738,44.0,-84.0,91.17599486301371
1739,44.0,-82.0,89.41659018264839
1740,44.0,-80.0,94.65266038812784
1741,44.0,-78.0,93.65451198630137
1742,44.0,-76.0,93.28018321917807
1743,44.0,-74.0,86.49541666666667
1744,44.0,-72.0,90.41937899543379
1745,44.0,-70.0,99.89576484018264
1746,44.0,-66.0,89.06980079908676
1747,44.0,0.0,88.43080251141552
1748,44.0,2.0,96.0204446347032
1749,44.0,4.0,114.38969634703196
1750,44.0,6.0,121.78048230593609
1751,44.0,8.0,108.12326883561643
1752,44.0,12.0,87.62517751141552
1753,44.0,16.0,104.27076826484017
1754,44.0,18.0,74.9504845890411
1755,44.0,20.0,79.52711415525114
1756,44.0,22.0,83.99918150684931
1757,44.0,24.0,93.09183732876713
1758,44.0,26.0,91.04997716894978
1759,44.0,28.0,85.81180993150686
1760,44.0,40.0,66.89209760273972
1761,44.0,42.0,81.63189668949771
1762,44.0,44.0,80.22945205479454
1763,44.0,46.0,88.59906735159817
1764,44.0,48.0,92.01080650684932
1765,44.0,50.0,99.4726392694064
1766,44.0,52.0,112.7086095890411
1767,44.0,54.0,111.94201655251142
1768,44.0,56.0,112.21288070776255
1769,44.0,58.0,114.13483561643835
1770,44.0,60.0,118.08110901826484
1771,44.0,62.0,121.01980194063928
1772,44.0,64.0,121.74141381278538
1773,44.0,66.0,123.13826712328769
1774,44.0,68.0,115.79278310502283
1775,44.0,70.0,118.1531147260274
1776,44.0,72.0,113.09840639269407
1777,44.0,74.0,107.91977454337899
1778,44.0,76.0,104.63077283105024
1779,44.0,78.0,113.8463093607306
1780,44.0,80.0,116.05275114155249
1781,44.0,82.0,100.38557591324202
1782,44.0,84.0,47.76097146118722
1783,44.0,86.0,87.007649543379
1784,44.0,88.0,97.88806621004566
1785,44.0,90.0,98.4180861872146
1786,44.0,92.0,96.91188356164383
1787,44.0,94.0,116.26440468036532
1788,44.0,96.0,128.64188926940642
1789,44.0,98.0,125.0596426940639
1790,44.0,100.0,123.38912956621003
1791,44.0,102.0,120.9444805936073
1792,44.0,104.0,107.63110216894977
1793,44.0,106.0,117.05751769406392
1794,44.0,108.0,119.01069006849316
1795,46.0,-122.0,101.31174257990867
1796,46.0,-120.0,127.36677511415525
1797,46.0,-118.0,90.18908447488583
1798,46.0,-116.0,99.21998002283105
1799,46.0,-114.0,102.39246575342466
1800,46.0,-112.0,95.65802168949772
1801,46.0,-110.0,103.2430696347032
1802,46.0,-108.0,109.26159189497716
1803,46.0,-106.0,110.992575913242
1804,46.0,-104.0,115.1645154109589
1805,46.0,-102.0,110.60801255707763
1806,46.0,-100.0,107.93399029680366
1807,46.0,-98.0,105.16790924657535
1808,46.0,-96.0,101.79154109589041
1809,46.0,-94.0,97.1626906392694
1810,46.0,-92.0,93.15688184931507
1811,46.0,-90.0,89.68934132420091
1812,46.0,-88.0,88.44778538812787
1813,46.0,-86.0,88.26153538812784
1814,46.0,-84.0,87.05883961187214
1815,46.0,-82.0,85.79607020547945
1816,46.0,-80.0,79.5862385844749
1817,46.0,-78.0,85.31207933789955
1818,46.0,-76.0,88.15668607305936
1819,46.0,-74.0,92.06002111872147
1820,46.0,-72.0,83.17705479452053
1821,46.0,-70.0,80.19189212328767
1822,46.0,-68.0,86.25880593607306
1823,46.0,-66.0,83.24019406392694
1824,46.0,-60.0,78.60917751141552
1825,46.0,0.0,85.10092979452055
1826,46.0,2.0,76.7536187214612
1827,46.0,4.0,85.28965525114157
1828,46.0,6.0,91.3128401826484
1829,46.0,8.0,48.92453082191781
1830,46.0,10.0,75.07947488584476
1831,46.0,12.0,73.89746061643834
1832,46.0,14.0,66.92545433789952
1833,46.0,16.0,75.72588984018265
1834,46.0,18.0,84.91654109589041
1835,46.0,20.0,86.17237557077625
1836,46.0,22.0,83.72428538812785
1837,46.0,24.0,84.96764897260273
1838,46.0,26.0,81.8830308219178
1839,46.0,28.0,88.56811529680364
1840,46.0,30.0,92.94795947488585
1841,46.0,32.0,100.25415068493152
1842,46.0,34.0,94.36440867579908
1843,46.0,36.0,96.68692522831051
1844,46.0,38.0,96.55839326484018
1845,46.0,40.0,92.82975228310504
1846,46.0,42.0,90.73397031963471
1847,46.0,44.0,93.23799200913241
1848,46.0,46.0,98.27866723744293
1849,46.0,48.0,104.65895034246577
1850,46.0,50.0,101.62152340182648
1851,46.0,52.0,104.03615582191782
1852,46.0,54.0,109.60149942922376
1853,46.0,56.0,107.28977682648403
1854,46.0,58.0,108.19495205479451
1855,46.0,60.0,104.95898230593606
1856,46.0,62.0,112.64205878995435
1857,46.0,64.0,110.73832477168949
1858,46.0,66.0,114.00117865296805
1859,46.0,68.0,110.9336312785388
1860,46.0,70.0,109.8561638127854
1861,46.0,72.0,109.48357933789956
1862,46.0,74.0,106.3827539954338
1863,46.0,76.0,111.24881392694064
1864,46.0,78.0,111.22379052511415
1865,46.0,80.0,103.55357534246576
1866,46.0,82.0,100.16541210045662
1867,46.0,84.0,85.12997146118721
1868,46.0,86.0,105.14215239726028
1869,46.0,88.0,103.08841152968036
1870,46.0,90.0,100.09624372146118
1871,46.0,92.0,116.52620547945205
1872,46.0,94.0,95.56646347031963
1873,46.0,96.0,99.89991609589042
1874,46.0,98.0,115.44683961187215
1875,46.0,100.0,117.46938184931506
1876,46.0,102.0,103.4011638127854
1877,46.0,104.0,110.68189611872147
1878,46.0,106.0,106.77729166666666
1879,48.0,-124.0,74.62961700913245
1880,48.0,-122.0,82.99025057077625
1881,48.0,-120.0,116.82645034246575
1882,48.0,-118.0,103.04107248858448
1883,48.0,-116.0,81.86323744292237
1884,48.0,-114.0,93.01145547945205
1885,48.0,-112.0,102.0682962328767
1886,48.0,-110.0,103.25995034246574
1887,48.0,-108.0,104.48430022831052
1888,48.0,-106.0,105.50890410958903
1889,48.0,-104.0,106.56449486301369
1890,48.0,-102.0,102.25543436073059
1891,48.0,-100.0,101.05476883561644
1892,48.0,-98.0,97.56515353881278
1893,48.0,-96.0,96.39546860730593
1894,48.0,-94.0,90.79658618721461
1895,48.0,-92.0,86.07520433789954
1896,48.0,-90.0,90.97234246575341
1897,48.0,-88.0,83.28050913242008
1898,48.0,-86.0,80.8411700913242
1899,48.0,-84.0,78.78230479452054
1900,48.0,-82.0,78.06110388127853
1901,48.0,-80.0,79.8441752283105
1902,48.0,-78.0,76.478899543379
1903,48.0,-76.0,75.48448858447489
1904,48.0,-74.0,75.91499029680365
1905,48.0,-72.0,77.04388299086759
1906,48.0,-70.0,78.96068493150685
1907,48.0,-68.0,82.61448401826485
1908,48.0,-58.0,62.74187328767121
1909,48.0,-56.0,66.58820376712329
1910,48.0,-54.0,62.38176255707762
1911,48.0,-4.0,69.34592808219178
1912,48.0,-2.0,73.72183561643836
1913,48.0,0.0,75.77221575342466
1914,48.0,2.0,75.21118892694062
1915,48.0,4.0,75.71052226027398
1916,48.0,6.0,77.36359646118721
1917,48.0,8.0,59.02994349315069
1918,48.0,10.0,71.76608561643835
1919,48.0,12.0,71.23425742009134
1920,48.0,14.0,63.69720605022831
1921,48.0,16.0,66.88505194063926
1922,48.0,18.0,80.92935445205478
1923,48.0,20.0,70.66780479452055
1924,48.0,22.0,79.45813698630135
1925,48.0,24.0,77.7538401826484
1926,48.0,26.0,78.15107819634704
1927,48.0,28.0,82.80667009132421
1928,48.0,30.0,84.66510388127854
1929,48.0,32.0,87.86283847031963
1930,48.0,34.0,85.53842865296804
1931,48.0,36.0,86.56594805936072
1932,48.0,38.0,84.25278767123287
1933,48.0,40.0,88.71663984018265
1934,48.0,42.0,92.74392922374432
1935,48.0,44.0,93.70833047945206
1936,48.0,46.0,102.32131278538813
1937,48.0,48.0,103.92728196347034
1938,48.0,50.0,104.87079166666666
1939,48.0,52.0,101.6335154109589
1940,48.0,54.0,100.08833961187214
1941,48.0,56.0,96.64713413242009
1942,48.0,58.0,95.72913356164383
1943,48.0,60.0,98.96446118721462
1944,48.0,62.0,97.9238852739726
1945,48.0,64.0,102.99575057077627
1946,48.0,66.0,94.21799200913242
1947,48.0,68.0,95.7541261415525
1948,48.0,70.0,95.97037271689497
1949,48.0,72.0,90.5439537671233
1950,48.0,74.0,92.30203196347033
1951,48.0,76.0,94.31858675799087
1952,48.0,78.0,92.67407420091324
1953,48.0,80.0,90.26047431506848
1954,48.0,82.0,92.3533310502283
1955,48.0,84.0,90.5420194063927
1956,48.0,86.0,101.32388184931506
1957,48.0,88.0,92.53848173515982
1958,48.0,90.0,61.008167237442926
1959,48.0,92.0,95.57003082191781
1960,48.0,94.0,108.8929897260274
1961,48.0,96.0,98.8933350456621
1962,48.0,98.0,61.2676147260274
1963,48.0,100.0,74.43669977168949
1964,48.0,102.0,91.70152397260276
1965,48.0,104.0,93.87620034246574
1966,50.0,-126.0,77.39860901826485
1967,50.0,-124.0,72.54105764840182
1968,50.0,-122.0,66.44394577625572
1969,50.0,-120.0,84.39553652968037
1970,50.0,-118.0,77.443401826484
1971,50.0,-116.0,78.89814840182649
1972,50.0,-114.0,91.53435901826482
1973,50.0,-112.0,98.99092351598173
1974,50.0,-110.0,92.1940039954338
1975,50.0,-108.0,93.48232420091325
1976,50.0,-106.0,95.02441038812786
1977,50.0,-104.0,95.2043801369863
1978,50.0,-102.0,95.03466438356165
1979,50.0,-100.0,94.8859623287671
1980,50.0,-98.0,92.11074942922374
1981,50.0,-96.0,84.88994691780823
1982,50.0,-94.0,81.59060844748858
1983,50.0,-92.0,77.50456621004568
1984,50.0,-90.0,83.46436130136986
1985,50.0,-88.0,77.52128196347033
1986,50.0,-86.0,80.30466324200913
1987,50.0,-84.0,78.34762671232878
1988,50.0,-82.0,77.95138641552512
1989,50.0,-80.0,71.7351506849315
1990,50.0,-78.0,71.34952111872147
1991,50.0,-76.0,72.6394109589041
1992,50.0,-74.0,74.67488356164385
1993,50.0,-72.0,69.54834417808219
1994,50.0,-70.0,69.95306278538814
1995,50.0,-68.0,74.4269834474886
1996,50.0,2.0,64.61234018264841
1997,50.0,4.0,64.01110045662101
1998,50.0,6.0,59.46538413242009
1999,50.0,8.0,67.3888812785388
2000,50.0,10.0,67.98146232876714
2001,50.0,12.0,58.23513413242009
2002,50.0,14.0,63.636163242009125
2003,50.0,16.0,67.07968493150685
2004,50.0,18.0,64.63167979452056
2005,50.0,20.0,65.38552283105022
2006,50.0,22.0,67.44663070776255
2007,50.0,24.0,71.05679394977169
2008,50.0,26.0,73.05960901826484
2009,50.0,28.0,77.99564212328767
2010,50.0,30.0,78.91141152968036
2011,50.0,32.0,81.55231621004565
2012,50.0,34.0,80.71385901826484
2013,50.0,36.0,78.85643550228309
2014,50.0,38.0,78.11017579908676
2015,50.0,40.0,87.01096004566209
2016,50.0,42.0,87.18133162100457
2017,50.0,44.0,86.28872374429224
2018,50.0,46.0,91.53775742009132
2019,50.0,48.0,93.25921689497717
2020,50.0,50.0,92.42175799086758
2021,50.0,52.0,90.57701084474887
2022,50.0,54.0,89.91532933789955
2023,50.0,56.0,86.52855365296804
2024,50.0,58.0,83.99940296803653
2025,50.0,60.0,85.08823630136986
2026,50.0,62.0,86.41326883561644
2027,50.0,64.0,85.73403253424658
2028,50.0,66.0,85.66509988584474
2029,50.0,68.0,79.71904623287672
2030,50.0,70.0,82.91913812785388
2031,50.0,72.0,79.50095319634701
2032,50.0,74.0,77.03375513698631
2033,50.0,76.0,76.59146632420091
2034,50.0,78.0,80.60950057077625
2035,50.0,80.0,80.65513356164384
2036,50.0,82.0,79.44212956621006
2037,50.0,84.0,77.88737385844749
2038,50.0,86.0,56.229274543379
2039,50.0,88.0,76.5999406392694
2040,50.0,90.0,96.25823230593609
2041,50.0,92.0,82.60894691780823
2042,50.0,94.0,88.96339155251141
2043,50.0,96.0,80.78800742009132
2044,50.0,98.0,68.62260559360729
2045,50.0,100.0,88.68501826484018
2046,50.0,102.0,81.75290867579909
2047,50.0,104.0,78.41816952054793
2048,52.0,-128.0,61.42430993150685
2049,52.0,-126.0,72.8801455479452
2050,52.0,-124.0,86.19617066210046
2051,52.0,-122.0,81.22236872146118
2052,52.0,-120.0,71.77192408675799
2053,52.0,-118.0,55.032573059360736
2054,52.0,-116.0,77.09439783105023
2055,52.0,-114.0,87.21248630136985
2056,52.0,-112.0,83.34274143835616
2057,52.0,-110.0,84.65416609589042
2058,52.0,-108.0,87.88178881278539
2059,52.0,-106.0,84.02255993150685
2060,52.0,-104.0,85.619450913242
2061,52.0,-102.0,85.34376426940638
2062,52.0,-100.0,78.10198915525113
2063,52.0,-98.0,75.52491780821917
2064,52.0,-96.0,81.68718550228309
2065,52.0,-94.0,82.64866952054794
2066,52.0,-92.0,79.7192848173516
2067,52.0,-90.0,79.16752568493149
2068,52.0,-88.0,78.47549029680364
2069,52.0,-86.0,75.36274372146119
2070,52.0,-84.0,75.47364383561644
2071,52.0,-82.0,73.14938984018266
2072,52.0,-78.0,71.01337214611873
2073,52.0,-76.0,66.60738698630136
2074,52.0,-74.0,63.700014269406395
2075,52.0,-72.0,58.684093607305925
2076,52.0,-70.0,58.096901826484014
2077,52.0,-68.0,62.192843607305946
2078,52.0,-66.0,59.77922945205479
2079,52.0,-64.0,62.52037671232877
2080,52.0,-62.0,69.77773687214614
2081,52.0,-60.0,69.43843093607305
2082,52.0,-58.0,65.03465639269406
2083,52.0,-56.0,65.00111757990868
2084,52.0,-10.0,37.686196917808225
2085,52.0,-8.0,58.78289269406393
2086,52.0,-4.0,48.17735273972603
2087,52.0,-2.0,52.86709531963471
2088,52.0,0.0,55.40376997716895
2089,52.0,6.0,59.16980821917809
2090,52.0,8.0,57.92584760273973
2091,52.0,10.0,55.79083162100457
2092,52.0,12.0,64.6099817351598
2093,52.0,14.0,66.16099257990868
2094,52.0,16.0,62.796836187214616
2095,52.0,18.0,65.17267979452055
2096,52.0,20.0,65.41184417808219
2097,52.0,22.0,64.98793093607306
2098,52.0,24.0,64.59760559360731
2099,52.0,26.0,70.09421347031964
2100,52.0,28.0,70.40633961187214
2101,52.0,30.0,72.76612157534248
2102,52.0,32.0,72.32751255707763
2103,52.0,34.0,73.53930707762557
2104,52.0,36.0,73.14807762557078
2105,52.0,38.0,70.50170776255709
2106,52.0,40.0,78.3257437214612
2107,52.0,42.0,75.24187385844749
2108,52.0,44.0,74.95712785388127
2109,52.0,46.0,80.31639326484019
2110,52.0,48.0,82.02947374429223
2111,52.0,50.0,79.3756957762557
2112,52.0,52.0,79.02828938356164
2113,52.0,54.0,76.98858219178081
2114,52.0,56.0,78.32485958904108
2115,52.0,58.0,75.91258047945205
2116,52.0,60.0,72.32411986301369
2117,52.0,62.0,74.64154280821917
2118,52.0,64.0,72.40312385844749
2119,52.0,66.0,70.09691894977169
2120,52.0,68.0,69.78921461187215
2121,52.0,70.0,70.46722888127853
2122,52.0,72.0,69.30064554794521
2123,52.0,74.0,71.74578595890412
2124,52.0,76.0,77.48620262557078
2125,52.0,78.0,76.88778310502283
2126,52.0,80.0,74.72646175799088
2127,52.0,82.0,74.15987728310502
2128,52.0,84.0,68.47048515981736
2129,52.0,86.0,68.58659075342464
2130,52.0,88.0,59.015953196347034
2131,52.0,90.0,59.24259474885845
2132,52.0,92.0,63.51699600456621
2133,52.0,94.0,71.90713470319635
2134,52.0,96.0,61.726725456621004
2135,52.0,98.0,57.12601598173516
2136,52.0,100.0,59.61590410958904
2137,52.0,102.0,34.14573116438356
2138,54.0,-132.0,51.126025684931506
2139,54.0,-130.0,43.44050856164384
2140,54.0,-128.0,35.30038184931507
2141,54.0,-126.0,78.36335045662099
2142,54.0,-124.0,76.02568892694063
2143,54.0,-122.0,70.48718892694063
2144,54.0,-120.0,57.89296632420091
2145,54.0,-118.0,71.92975799086757
2146,54.0,-116.0,76.35701940639271
2147,54.0,-114.0,82.79550570776256
2148,54.0,-112.0,81.23264098173514
2149,54.0,-110.0,78.56110388127854
2150,54.0,-108.0,74.95514840182648
2151,54.0,-106.0,74.92391495433789
2152,54.0,-104.0,79.52030479452054
2153,54.0,-102.0,76.45378995433789
2154,54.0,-100.0,75.0563647260274
2155,54.0,-98.0,78.4634988584475
2156,54.0,-96.0,76.75385045662101
2157,54.0,-94.0,79.65920319634704
2158,54.0,-92.0,78.7023852739726
2159,54.0,-90.0,81.08624657534249
2160,54.0,-88.0,74.40928082191782
2161,54.0,-86.0,72.32059075342465
2162,54.0,-84.0,74.87875000000001
2163,54.0,-78.0,68.50153196347031
2164,54.0,-76.0,68.45759189497718
2165,54.0,-74.0,61.09643493150685
2166,54.0,-72.0,57.146630707762554
2167,54.0,-70.0,55.38182363013699
2168,54.0,-68.0,56.68919349315069
2169,54.0,-66.0,56.75695433789955
2170,54.0,-64.0,48.76515639269406
2171,54.0,-62.0,61.17070148401826
2172,54.0,-60.0,64.96786872146117
2173,54.0,-58.0,61.643653538812785
2174,54.0,-10.0,43.47669748858448
2175,54.0,-8.0,38.3535102739726
2176,54.0,-2.0,41.83350228310502
2177,54.0,10.0,54.4797808219178
2178,54.0,12.0,58.7024857305936
2179,54.0,16.0,58.768708333333336
2180,54.0,18.0,58.154642694063924
2181,54.0,20.0,62.442522260273975
2182,54.0,22.0,60.91674543378996
2183,54.0,24.0,57.29041267123288
2184,54.0,26.0,60.85752796803652
2185,54.0,28.0,60.77455308219178
2186,54.0,30.0,64.3016558219178
2187,54.0,32.0,65.76070776255709
2188,54.0,34.0,66.00012385844748
2189,54.0,36.0,66.41335901826483
2190,54.0,38.0,63.907701484018276
2191,54.0,40.0,71.97598458904109
2192,54.0,42.0,70.5241946347032
2193,54.0,44.0,69.4374149543379
2194,54.0,46.0,69.4610993150685
2195,54.0,48.0,67.86728025114155
2196,54.0,50.0,68.16193892694065
2197,54.0,52.0,69.58037214611873
2198,54.0,54.0,61.89679509132421
2199,54.0,56.0,64.65075742009131
2200,54.0,58.0,61.98443207762557
2201,54.0,60.0,65.27764497716896
2202,54.0,62.0,67.52964840182648
2203,54.0,64.0,66.30790810502283
2204,54.0,66.0,65.0000102739726
2205,54.0,68.0,62.7546638127854
2206,54.0,70.0,64.92798687214612
2207,54.0,72.0,66.42396860730594
2208,54.0,74.0,66.812600456621
2209,54.0,76.0,67.01654223744292
2210,54.0,78.0,69.902600456621
2211,54.0,80.0,67.85387442922375
2212,54.0,82.0,67.36459988584475
2213,54.0,84.0,68.86032420091325
2214,54.0,86.0,64.02367694063928
2215,54.0,88.0,61.27690353881279
2216,54.0,90.0,62.55869863013698
2217,54.0,92.0,65.31828710045662
2218,54.0,94.0,62.89882134703197
2219,54.0,96.0,48.48491780821918
2220,54.0,98.0,51.89469063926941
2221,56.0,-130.0,40.36509874429223
2222,56.0,-128.0,44.938227739726024
2223,56.0,-126.0,50.66853424657534
2224,56.0,-124.0,68.44134874429223
2225,56.0,-122.0,72.47864840182648
2226,56.0,-120.0,77.59139611872146
2227,56.0,-118.0,82.4647665525114
2228,56.0,-116.0,79.64417979452055
2229,56.0,-114.0,75.2576261415525
2230,56.0,-112.0,71.4218339041096
2231,56.0,-110.0,71.8149988584475
2232,56.0,-108.0,77.90309132420093
2233,56.0,-106.0,71.84863641552512
2234,56.0,-104.0,76.27968778538812
2235,56.0,-102.0,74.53632591324201
2236,56.0,-100.0,74.95562043378995
2237,56.0,-98.0,82.0299109589041
2238,56.0,-96.0,82.44687157534247
2239,56.0,-94.0,79.14391952054794
2240,56.0,-92.0,78.33442522831051
2241,56.0,-90.0,72.08771746575343
2242,56.0,-88.0,65.1384589041096
2243,56.0,-80.0,51.35335844748859
2244,56.0,-76.0,59.5554549086758
2245,56.0,-74.0,55.20453710045662
2246,56.0,-72.0,55.053575342465756
2247,56.0,-70.0,53.669947488584484
2248,56.0,-68.0,57.29144121004566
2249,56.0,-66.0,60.64524828767122
2250,56.0,-64.0,58.21701655251142
2251,56.0,-62.0,61.10762956621004
2252,56.0,-4.0,34.65706107305937
2253,56.0,10.0,57.78047773972602
2254,56.0,12.0,60.17688070776254
2255,56.0,14.0,57.97671974885844
2256,56.0,22.0,55.708642123287675
2257,56.0,24.0,58.4209149543379
2258,56.0,26.0,55.81713070776255
2259,56.0,28.0,57.7007488584475
2260,56.0,30.0,57.4914406392694
2261,56.0,32.0,55.68634760273973
2262,56.0,34.0,57.730468036529686
2263,56.0,36.0,57.85769805936072
2264,56.0,38.0,61.17190125570776
2265,56.0,40.0,63.76209075342466
2266,56.0,42.0,65.11594748858447
2267,56.0,44.0,64.76499029680363
2268,56.0,46.0,66.10407648401826
2269,56.0,48.0,64.33453196347031
2270,56.0,50.0,64.64829623287669
2271,56.0,52.0,62.75453595890412
2272,56.0,54.0,61.74636643835617
2273,56.0,56.0,56.321276255707765
2274,56.0,58.0,52.041594748858444
2275,56.0,60.0,53.545558219178076
2276,56.0,62.0,57.47272488584475
2277,56.0,64.0,59.31517465753424
2278,56.0,66.0,59.62692180365297
2279,56.0,68.0,58.071859589041104
2280,56.0,70.0,60.33081849315068
2281,56.0,72.0,59.91961415525114
2282,56.0,74.0,59.95261301369863
2283,56.0,76.0,61.917541095890414
2284,56.0,78.0,61.58686415525115
2285,56.0,80.0,60.81623230593607
2286,56.0,82.0,59.84737043378995
2287,56.0,84.0,61.42398173515981
2288,56.0,86.0,59.092052511415524
2289,56.0,88.0,60.10262157534246
2290,56.0,90.0,58.011379566210046
2291,56.0,92.0,51.297632420091325
2292,56.0,94.0,55.83048401826484
2293,58.0,-136.0,27.123454337899542
2294,58.0,-132.0,24.298438926940637
2295,58.0,-130.0,54.20441952054795
2296,58.0,-128.0,44.493225456621005
2297,58.0,-126.0,51.101497716894976
2298,58.0,-124.0,51.880160388127855
2299,58.0,-122.0,71.0312397260274
2300,58.0,-120.0,72.56423573059361
2301,58.0,-118.0,79.24696061643836
2302,58.0,-116.0,77.24229965753425
2303,58.0,-114.0,74.54576598173516
2304,58.0,-112.0,67.63598801369862
2305,58.0,-110.0,69.93322602739725
2306,58.0,-108.0,66.46249029680365
2307,58.0,-106.0,68.08666152968037
2308,58.0,-104.0,75.55633618721461
2309,58.0,-102.0,55.88279166666667
2310,58.0,-100.0,72.16165410958902
2311,58.0,-98.0,70.50257191780824
2312,58.0,-96.0,64.34937899543378
2313,58.0,-94.0,62.33677910958903
2314,58.0,-76.0,55.41076769406393
2315,58.0,-74.0,54.156124429223745
2316,58.0,-72.0,53.732409817351595
2317,58.0,-70.0,55.21282933789954
2318,58.0,-68.0,54.93475627853881
2319,58.0,-66.0,47.960100456621
2320,58.0,-64.0,53.370999429223744
2321,58.0,-4.0,32.98781963470319
2322,58.0,12.0,53.66063812785388
2323,58.0,14.0,54.16826141552511
2324,58.0,16.0,52.946912100456615
2325,58.0,26.0,49.50910730593608
2326,58.0,28.0,53.26743949771689
2327,58.0,30.0,55.730416095890405
2328,58.0,32.0,54.33528767123288
2329,58.0,34.0,55.104198059360726
2330,58.0,36.0,54.913592465753425
2331,58.0,38.0,58.526367009132414
2332,58.0,40.0,56.83433162100457
2333,58.0,42.0,56.34061415525115
2334,58.0,44.0,58.96838698630137
2335,58.0,46.0,59.91820148401826
2336,58.0,48.0,59.942200342465746
2337,58.0,50.0,56.383242009132424
2338,58.0,52.0,56.32312956621005
2339,58.0,54.0,54.14978824200913
2340,58.0,56.0,50.60140182648402
2341,58.0,58.0,49.468071917808224
2342,58.0,60.0,48.42350570776255
2343,58.0,62.0,53.5679845890411
2344,58.0,64.0,55.83841324200913
2345,58.0,66.0,54.41168378995434
2346,58.0,68.0,55.39774600456621
2347,58.0,70.0,54.56757420091324
2348,58.0,72.0,50.52718835616439
2349,58.0,74.0,50.593511986301365
2350,58.0,76.0,51.23358789954338
2351,58.0,78.0,52.19024600456621
2352,58.0,80.0,52.89385102739726
2353,58.0,82.0,53.098847602739724
2354,58.0,84.0,51.78453595890411
2355,58.0,86.0,50.854433789954335
2356,58.0,88.0,52.79280136986302
2357,58.0,90.0,53.911831621004566
2358,58.0,92.0,53.48674657534246
2359,60.0,6.0,34.51771289954338
2360,60.0,8.0,40.909283675799095
2361,60.0,10.0,49.85211244292237
2362,60.0,12.0,50.181128424657544
2363,60.0,14.0,48.29343036529681
2364,60.0,16.0,49.175430936073056
2365,60.0,18.0,50.34277168949772
2366,60.0,32.0,63.607292808219164
2367,60.0,34.0,58.1975256849315
2368,60.0,36.0,57.52749942922375
2369,60.0,38.0,60.845054223744285
2370,60.0,40.0,59.61000913242009
2371,62.0,-10.0,46.15435445205479
2372,62.0,-8.0,46.31049600456622
2373,62.0,-6.0,48.46579280821918
2374,62.0,-2.0,50.135123858447486
2375,62.0,4.0,36.943521689497715
2376,62.0,6.0,32.88028595890411
2377,62.0,8.0,33.844171803652976
2378,62.0,10.0,34.46462157534246
2379,62.0,12.0,37.73553538812785
2380,62.0,14.0,40.985257990867574
2381,62.0,16.0,44.54816324200914
2382,62.0,18.0,57.936579337899545
2383,62.0,20.0,62.09653082191781
2384,62.0,22.0,46.44823173515981
2385,62.0,24.0,44.147124429223744
2386,62.0,26.0,42.542702625570776
2387,62.0,28.0,45.91199543378995
2388,62.0,30.0,59.32380878995433
2389,62.0,32.0,56.72306221461187
2390,62.0,34.0,56.802831621004565
2391,62.0,36.0,62.47997716894978
2392,62.0,38.0,54.091753424657526
2393,62.0,40.0,53.71697374429225
2394,64.0,-24.0,54.59289668949772
2395,64.0,-22.0,50.68173573059361
2396,64.0,-20.0,44.27895776255707
2397,64.0,-18.0,45.43454794520548
2398,64.0,-16.0,47.28181621004566
2399,64.0,-14.0,47.41154394977169
2400,64.0,6.0,58.51752340182649
2401,64.0,8.0,62.81433561643836
2402,64.0,10.0,54.3034908675799
2403,64.0,12.0,49.69695148401827
2404,64.0,14.0,50.32433904109589
2405,64.0,16.0,52.79806792237443
2406,64.0,18.0,53.20562842465754
2407,64.0,20.0,61.68563584474885
2408,64.0,22.0,67.57991666666666
2409,64.0,24.0,55.5048801369863
2410,64.0,26.0,50.47508447488585
2411,64.0,28.0,48.38440639269406
2412,64.0,30.0,47.281398401826486
2413,64.0,32.0,46.78407134703196
2414,64.0,34.0,51.355524543379
2415,64.0,36.0,53.74467408675799
2416,64.0,38.0,53.587869863013694
2417,64.0,40.0,48.63625570776256
2418,66.0,-24.0,44.64289383561644
2419,66.0,-22.0,39.97493835616439
2420,66.0,-20.0,43.03814726027397
2421,66.0,-18.0,41.30152397260274
2422,66.0,-16.0,40.62708276255708
2423,66.0,-14.0,44.48417865296803
2424,66.0,10.0,60.313095890410956
2425,66.0,12.0,57.98654566210047
2426,66.0,14.0,44.64974828767123
2427,66.0,16.0,47.265523972602736
2428,66.0,18.0,50.615431506849305
2429,66.0,20.0,50.88937557077626
2430,66.0,22.0,56.13998344748859
2431,66.0,24.0,56.80741038812785
2432,66.0,26.0,46.76689840182648
2433,66.0,28.0,42.72195776255708
2434,66.0,30.0,42.54149771689498
2435,66.0,32.0,45.92335730593607
2436,66.0,34.0,48.97872089041096
2437,66.0,36.0,57.38887214611872
2438,66.0,38.0,57.30111529680365
2439,66.0,40.0,51.67493436073059
2440,68.0,-24.0,37.69268207762557
2441,68.0,-22.0,36.02795662100457
2442,68.0,10.0,52.26964611872146
2443,68.0,12.0,59.16966837899544
2444,68.0,14.0,57.702317351598175
2445,68.0,16.0,47.84888812785388
2446,68.0,18.0,45.952374999999996
2447,68.0,20.0,47.1040256849315
2448,68.0,22.0,44.035016552511415
2449,68.0,24.0,42.425212328767124
2450,68.0,26.0,39.73727682648401
2451,68.0,28.0,38.591839611872146
2452,68.0,30.0,37.57874429223744
2453,68.0,32.0,39.0453196347032
2454,68.0,34.0,39.68508904109589
2455,68.0,36.0,38.852381278538815
2456,68.0,38.0,39.48297831050228
2457,68.0,40.0,42.937319634703194
